{"type":"FeatureCollection","crs":{"type":"name","properties":{"name":"EPSG:4326"}},"features":[{"type":"Feature","id":43020,"geometry":{"type":"Polygon","coordinates":[[[-111.941680202022,33.3916719937812],[-111.941680202022,33.4000053290765],[-111.933346866726,33.4000053290765],[-111.933346866726,33.3916719937812],[-111.941680202022,33.3916719937812]]]},"properties":{"OBJECTID":43020,"CEILING":100,"UNIT":"Feet","MAP_EFF":"8/6/2026","LAST_EDIT":"10/27/2017","LATITUDE":33.39583866,"LONGITUDE":-111.93751353,"APT1_FAAID":"PHX","APT1_ICAO":"KPHX","APT1_NAME":"Phoenix Sky Harbor Intl","APT1_LAANC":1,"AIRSPACE_1":"B","REGION":"Western"}},{"type":"Feature","id":44016,"geometry":{"type":"Polygon","coordinates":[[[-111.958346871612,33.4666720094393],[-111.958346871612,33.4750053437347],[-111.950013537317,33.4750053437347],[-111.950013537317,33.4666720094393],[-111.958346871612,33.4666720094393]]]},"properties":{"OBJECTID":44016,"CEILING":100,"UNIT":"Feet","MAP_EFF":"8/6/2026","LAST_EDIT":"5/8/2017","LATITUDE":33.47083868,"LONGITUDE":-111.9541802,"APT1_FAAID":"PHX","APT1_ICAO":"KPHX","APT1_NAME":"Phoenix Sky Harbor Intl","APT1_LAANC":1,"AIRSPACE_1":"B","REGION":"Western"}},{"type":"Feature","id":336161,"geometry":{"type":"Polygon","coordinates":[[[-111.916680197136,33.48333867903],[-111.916680197136,33.4916720143253],[-111.90834686184,33.4916720143253],[-111.90834686184,33.48333867903],[-111.916680197136,33.48333867903]]]},"properties":{"OBJECTID":336161,"CEILING":300,"UNIT":"Feet","MAP_EFF":"8/6/2026","LAST_EDIT":"10/27/2017","LATITUDE":33.48750535,"LONGITUDE":-111.91251353,"APT1_FAAID":"PHX","APT1_ICAO":"KPHX","APT1_NAME":"Phoenix Sky Harbor Intl","APT1_LAANC":1,"AIRSPACE_1":"B","REGION":"Western"}},{"type":"Feature","id":42757,"geometry":{"type":"Polygon","coordinates":[[[-112.14168024211,33.3666719888952],[-112.14168024211,33.3750053241905],[-112.133346906815,33.3750053241905],[-112.133346906815,33.3666719888952],[-112.14168024211,33.3666719888952]]]},"properties":{"OBJECTID":42757,"CEILING":400,"UNIT":"Feet","MAP_EFF":"8/6/2026","LAST_EDIT":"5/8/2017","LATITUDE":33.370838660000004,"LONGITUDE":-112.13751357,"APT1_FAAID":"PHX","APT1_ICAO":"KPHX","APT1_NAME":"Phoenix Sky Harbor Intl","APT1_LAANC":1,"AIRSPACE_1":"B","REGION":"Western"}},{"type":"Feature","id":336092,"geometry":{"type":"Polygon","coordinates":[[[-111.950013537317,33.4500053388486],[-111.950013537317,33.458338674144],[-111.941680202022,33.458338674144],[-111.941680202022,33.4500053388486],[-111.950013537317,33.4500053388486]]]},"properties":{"OBJECTID":336092,"CEILING":100,"UNIT":"Feet","MAP_EFF":"8/6/2026","LAST_EDIT":"10/27/2017","LATITUDE":33.454172009999994,"LONGITUDE":-111.94584687000001,"APT1_FAAID":"PHX","APT1_ICAO":"KPHX","APT1_NAME":"Phoenix Sky Harbor Intl","APT1_LAANC":1,"AIRSPACE_1":"B","REGION":"Western"}},{"type":"Feature","id":45745,"geometry":{"type":"Polygon","coordinates":[[[-111.925013532431,33.5916720338695],[-111.925013532431,33.6000053691649],[-111.916680197136,33.6000053691649],[-111.916680197136,33.5916720338695],[-111.925013532431,33.5916720338695]]]},"properties":{"OBJECTID":45745,"CEILING":100,"UNIT":"Feet","MAP_EFF":"8/6/2026","LAST_EDIT":"5/8/2017","LATITUDE":33.595838699999995,"LONGITUDE":-111.92084686,"APT1_FAAID":"SDL","APT1_ICAO":"KSDL","APT1_NAME":"Scottsdale","APT1_LAANC":1,"AIRSPACE_1":"D","REGION":"Western"}},{"type":"Feature","id":45390,"geometry":{"type":"Polygon","coordinates":[[[-111.975013542203,33.5750053642788],[-111.975013542203,33.5833386985742],[-111.966680206908,33.5833386985742],[-111.966680206908,33.5750053642788],[-111.975013542203,33.5750053642788]]]},"properties":{"OBJECTID":45390,"CEILING":300,"UNIT":"Feet","MAP_EFF":"8/6/2026","LAST_EDIT":"5/8/2017","LATITUDE":33.579172029999995,"LONGITUDE":-111.97084687,"APT1_FAAID":"SDL","APT1_ICAO":"KSDL","APT1_NAME":"Scottsdale","APT1_LAANC":1,"AIRSPACE_1":"D","REGION":"Western"}},{"type":"Feature","id":335898,"geometry":{"type":"Polygon","coordinates":[[[-112.125013571519,33.3583386535998],[-112.125013571519,33.3666719888952],[-112.116680237224,33.3666719888952],[-112.116680237224,33.3583386535998],[-112.125013571519,33.3583386535998]]]},"properties":{"OBJECTID":335898,"CEILING":400,"UNIT":"Feet","MAP_EFF":"8/6/2026","LAST_EDIT":"5/8/2017","LATITUDE":33.36250532,"LONGITUDE":-112.1208469,"APT1_FAAID":"PHX","APT1_ICAO":"KPHX","APT1_NAME":"Phoenix Sky Harbor Intl","APT1_LAANC":1,"AIRSPACE_1":"B","REGION":"Western"}},{"type":"Feature","id":44208,"geometry":{"type":"Polygon","coordinates":[[[-112.14168024211,33.48333867903],[-112.14168024211,33.4916720143253],[-112.133346906815,33.4916720143253],[-112.133346906815,33.48333867903],[-112.14168024211,33.48333867903]]]},"properties":{"OBJECTID":44208,"CEILING":300,"UNIT":"Feet","MAP_EFF":"8/6/2026","LAST_EDIT":"10/27/2017","LATITUDE":33.48750535,"LONGITUDE":-112.13751357,"APT1_FAAID":"PHX","APT1_ICAO":"KPHX","APT1_NAME":"Phoenix Sky Harbor Intl","APT1_LAANC":1,"AIRSPACE_1":"B","REGION":"Western"}},{"type":"Feature","id":43444,"geometry":{"type":"Polygon","coordinates":[[[-112.075013561747,33.4250053339626],[-112.075013561747,33.4333386692579],[-112.066680227452,33.4333386692579],[-112.066680227452,33.4250053339626],[-112.075013561747,33.4250053339626]]]},"properties":{"OBJECTID":43444,"CEILING":100,"UNIT":"Feet","MAP_EFF":"8/6/2026","LAST_EDIT":"5/8/2017","LATITUDE":33.429172,"LONGITUDE":-112.07084689,"APT1_FAAID":"PHX","APT1_ICAO":"KPHX","APT1_NAME":"Phoenix Sky Harbor Intl","APT1_LAANC":1,"AIRSPACE_1":"B","REGION":"Western"}},{"type":"Feature","id":43567,"geometry":{"type":"Polygon","coordinates":[[[-112.066680227452,33.4333386692579],[-112.066680227452,33.4416720035533],[-112.058346892157,33.4416720035533],[-112.058346892157,33.4333386692579],[-112.066680227452,33.4333386692579]]]},"properties":{"OBJECTID":43567,"CEILING":0,"UNIT":"Feet","MAP_EFF":"8/6/2026","LAST_EDIT":"5/8/2017","LATITUDE":33.43750534,"LONGITUDE":-112.06251356,"APT1_FAAID":"PHX","APT1_ICAO":"KPHX","APT1_NAME":"Phoenix Sky Harbor Intl","APT1_LAANC":1,"AIRSPACE_1":"B","REGION":"Western"}},{"type":"Feature","id":44108,"geometry":{"type":"Polygon","coordinates":[[[-112.116680237224,33.4750053437347],[-112.116680237224,33.48333867903],[-112.108346901929,33.48333867903],[-112.108346901929,33.4750053437347],[-112.116680237224,33.4750053437347]]]},"properties":{"OBJECTID":44108,"CEILING":300,"UNIT":"Feet","MAP_EFF":"8/6/2026","LAST_EDIT":"10/27/2017","LATITUDE":33.47917201,"LONGITUDE":-112.11251356999999,"APT1_FAAID":"PHX","APT1_ICAO":"KPHX","APT1_NAME":"Phoenix Sky Harbor Intl","APT1_LAANC":1,"AIRSPACE_1":"B","REGION":"Western"}},{"type":"Feature","id":45559,"geometry":{"type":"Polygon","coordinates":[[[-111.941680202022,33.5833386985742],[-111.941680202022,33.5916720338695],[-111.933346866726,33.5916720338695],[-111.933346866726,33.5833386985742],[-111.941680202022,33.5833386985742]]]},"properties":{"OBJECTID":45559,"CEILING":100,"UNIT":"Feet","MAP_EFF":"8/6/2026","LAST_EDIT":"5/8/2017","LATITUDE":33.587505369999995,"LONGITUDE":-111.93751353,"APT1_FAAID":"SDL","APT1_ICAO":"KSDL","APT1_NAME":"Scottsdale","APT1_LAANC":1,"AIRSPACE_1":"D","REGION":"Western"}},{"type":"Feature","id":77055,"geometry":{"type":"Polygon","coordinates":[[[-112.175013582292,33.458338674144],[-112.175013582292,33.4666720094393],[-112.166680246996,33.4666720094393],[-112.166680246996,33.458338674144],[-112.175013582292,33.458338674144]]]},"properties":{"OBJECTID":77055,"CEILING":400,"UNIT":"Feet","MAP_EFF":"8/6/2026","LAST_EDIT":"6/12/2026","LATITUDE":33.46250534,"LONGITUDE":-112.17084691,"APT1_FAAID":"PHX","APT1_ICAO":"KPHX","APT1_NAME":"Phoenix Sky Harbor Intl","APT1_LAANC":1,"AIRSPACE_1":"B","REGION":"Western"}},{"type":"Feature","id":42926,"geometry":{"type":"Polygon","coordinates":[[[-111.90834686184,33.3833386594858],[-111.90834686184,33.3916719937812],[-111.900013526545,33.3916719937812],[-111.900013526545,33.3833386594858],[-111.90834686184,33.3833386594858]]]},"properties":{"OBJECTID":42926,"CEILING":100,"UNIT":"Feet","MAP_EFF":"8/6/2026","LAST_EDIT":"10/27/2017","LATITUDE":33.38750533,"LONGITUDE":-111.90418019,"APT1_FAAID":"PHX","APT1_ICAO":"KPHX","APT1_NAME":"Phoenix Sky Harbor Intl","APT1_LAANC":1,"AIRSPACE_1":"B","REGION":"Western"}},{"type":"Feature","id":43120,"geometry":{"type":"Polygon","coordinates":[[[-111.900013526545,33.4000053290765],[-111.900013526545,33.4083386643719],[-111.89168019225,33.4083386643719],[-111.89168019225,33.4000053290765],[-111.900013526545,33.4000053290765]]]},"properties":{"OBJECTID":43120,"CEILING":100,"UNIT":"Feet","MAP_EFF":"8/6/2026","LAST_EDIT":"10/27/2017","LATITUDE":33.404172,"LONGITUDE":-111.89584685999999,"APT1_FAAID":"PHX","APT1_ICAO":"KPHX","APT1_NAME":"Phoenix Sky Harbor Intl","APT1_LAANC":1,"AIRSPACE_1":"B","REGION":"Western"}},{"type":"Feature","id":43690,"geometry":{"type":"Polygon","coordinates":[[[-112.025013551975,33.4416720035533],[-112.025013551975,33.4500053388486],[-112.01668021668,33.4500053388486],[-112.01668021668,33.4416720035533],[-112.025013551975,33.4416720035533]]]},"properties":{"OBJECTID":43690,"CEILING":0,"UNIT":"Feet","MAP_EFF":"8/6/2026","LAST_EDIT":"5/8/2017","LATITUDE":33.44583867,"LONGITUDE":-112.02084688,"APT1_FAAID":"PHX","APT1_ICAO":"KPHX","APT1_NAME":"Phoenix Sky Harbor Intl","APT1_LAANC":1,"AIRSPACE_1":"B","REGION":"Western"}},{"type":"Feature","id":43807,"geometry":{"type":"Polygon","coordinates":[[[-111.983346877499,33.4500053388486],[-111.983346877499,33.458338674144],[-111.975013542203,33.458338674144],[-111.975013542203,33.4500053388486],[-111.983346877499,33.4500053388486]]]},"properties":{"OBJECTID":43807,"CEILING":100,"UNIT":"Feet","MAP_EFF":"8/6/2026","LAST_EDIT":"5/8/2017","LATITUDE":33.454172009999994,"LONGITUDE":-111.97918021,"APT1_FAAID":"PHX","APT1_ICAO":"KPHX","APT1_NAME":"Phoenix Sky Harbor Intl","APT1_LAANC":1,"AIRSPACE_1":"B","REGION":"Western"}},{"type":"Feature","id":42920,"geometry":{"type":"Polygon","coordinates":[[[-111.958346871612,33.3833386594858],[-111.958346871612,33.3916719937812],[-111.950013537317,33.3916719937812],[-111.950013537317,33.3833386594858],[-111.958346871612,33.3833386594858]]]},"properties":{"OBJECTID":42920,"CEILING":100,"UNIT":"Feet","MAP_EFF":"8/6/2026","LAST_EDIT":"10/27/2017","LATITUDE":33.38750533,"LONGITUDE":-111.9541802,"APT1_FAAID":"PHX","APT1_ICAO":"KPHX","APT1_NAME":"Phoenix Sky Harbor Intl","APT1_LAANC":1,"AIRSPACE_1":"B","REGION":"Western"}},{"type":"Feature","id":336178,"geometry":{"type":"Polygon","coordinates":[[[-112.116680237224,33.4916720143253],[-112.116680237224,33.5000053486207],[-112.108346901929,33.5000053486207],[-112.108346901929,33.4916720143253],[-112.116680237224,33.4916720143253]]]},"properties":{"OBJECTID":336178,"CEILING":300,"UNIT":"Feet","MAP_EFF":"8/6/2026","LAST_EDIT":"10/27/2017","LATITUDE":33.495838680000006,"LONGITUDE":-112.11251356999999,"APT1_FAAID":"PHX","APT1_ICAO":"KPHX","APT1_NAME":"Phoenix Sky Harbor Intl","APT1_LAANC":1,"AIRSPACE_1":"B","REGION":"Western"}},{"type":"Feature","id":43312,"geometry":{"type":"Polygon","coordinates":[[[-112.125013571519,33.4166719986673],[-112.125013571519,33.4250053339626],[-112.116680237224,33.4250053339626],[-112.116680237224,33.4166719986673],[-112.125013571519,33.4166719986673]]]},"properties":{"OBJECTID":43312,"CEILING":200,"UNIT":"Feet","MAP_EFF":"8/6/2026","LAST_EDIT":"5/8/2017","LATITUDE":33.42083867,"LONGITUDE":-112.1208469,"APT1_FAAID":"PHX","APT1_ICAO":"KPHX","APT1_NAME":"Phoenix Sky Harbor Intl","APT1_LAANC":1,"AIRSPACE_1":"B","REGION":"Western"}},{"type":"Feature","id":335992,"geometry":{"type":"Polygon","coordinates":[[[-111.983346877499,33.4083386643719],[-111.983346877499,33.4166719986673],[-111.975013542203,33.4166719986673],[-111.975013542203,33.4083386643719],[-111.983346877499,33.4083386643719]]]},"properties":{"OBJECTID":335992,"CEILING":100,"UNIT":"Feet","MAP_EFF":"8/6/2026","LAST_EDIT":"5/8/2017","LATITUDE":33.41250533,"LONGITUDE":-111.97918021,"APT1_FAAID":"PHX","APT1_ICAO":"KPHX","APT1_NAME":"Phoenix Sky Harbor Intl","APT1_LAANC":1,"AIRSPACE_1":"B","REGION":"Western"}},{"type":"Feature","id":44972,"geometry":{"type":"Polygon","coordinates":[[[-111.950013537317,33.5500053593928],[-111.950013537317,33.5583386936881],[-111.941680202022,33.5583386936881],[-111.941680202022,33.5500053593928],[-111.950013537317,33.5500053593928]]]},"properties":{"OBJECTID":44972,"CEILING":300,"UNIT":"Feet","MAP_EFF":"8/6/2026","LAST_EDIT":"5/8/2017","LATITUDE":33.55417203,"LONGITUDE":-111.94584687000001,"APT1_FAAID":"SDL","APT1_ICAO":"KSDL","APT1_NAME":"Scottsdale","APT1_LAANC":1,"AIRSPACE_1":"D","REGION":"Western"}},{"type":"Feature","id":43206,"geometry":{"type":"Polygon","coordinates":[[[-112.091680232338,33.4083386643719],[-112.091680232338,33.4166719986673],[-112.083346897043,33.4166719986673],[-112.083346897043,33.4083386643719],[-112.091680232338,33.4083386643719]]]},"properties":{"OBJECTID":43206,"CEILING":100,"UNIT":"Feet","MAP_EFF":"8/6/2026","LAST_EDIT":"5/8/2017","LATITUDE":33.41250533,"LONGITUDE":-112.08751356,"APT1_FAAID":"PHX","APT1_ICAO":"KPHX","APT1_NAME":"Phoenix Sky Harbor Intl","APT1_LAANC":1,"AIRSPACE_1":"B","REGION":"Western"}},{"type":"Feature","id":43212,"geometry":{"type":"Polygon","coordinates":[[[-112.033346887271,33.4083386643719],[-112.033346887271,33.4166719986673],[-112.025013551975,33.4166719986673],[-112.025013551975,33.4083386643719],[-112.033346887271,33.4083386643719]]]},"properties":{"OBJECTID":43212,"CEILING":100,"UNIT":"Feet","MAP_EFF":"8/6/2026","LAST_EDIT":"5/8/2017","LATITUDE":33.41250533,"LONGITUDE":-112.02918022,"APT1_FAAID":"PHX","APT1_ICAO":"KPHX","APT1_NAME":"Phoenix Sky Harbor Intl","APT1_LAANC":1,"AIRSPACE_1":"B","REGION":"Western"}},{"type":"Feature","id":43793,"geometry":{"type":"Polygon","coordinates":[[[-112.116680237224,33.4500053388486],[-112.116680237224,33.458338674144],[-112.108346901929,33.458338674144],[-112.108346901929,33.4500053388486],[-112.116680237224,33.4500053388486]]]},"properties":{"OBJECTID":43793,"CEILING":100,"UNIT":"Feet","MAP_EFF":"8/6/2026","LAST_EDIT":"5/8/2017","LATITUDE":33.454172009999994,"LONGITUDE":-112.11251356999999,"APT1_FAAID":"PHX","APT1_ICAO":"KPHX","APT1_NAME":"Phoenix Sky Harbor Intl","APT1_LAANC":1,"AIRSPACE_1":"B","REGION":"Western"}},{"type":"Feature","id":43799,"geometry":{"type":"Polygon","coordinates":[[[-112.058346892157,33.4500053388486],[-112.058346892157,33.458338674144],[-112.050013556861,33.458338674144],[-112.050013556861,33.4500053388486],[-112.058346892157,33.4500053388486]]]},"properties":{"OBJECTID":43799,"CEILING":100,"UNIT":"Feet","MAP_EFF":"8/6/2026","LAST_EDIT":"5/8/2017","LATITUDE":33.454172009999994,"LONGITUDE":-112.05418022,"APT1_FAAID":"PHX","APT1_ICAO":"KPHX","APT1_NAME":"Phoenix Sky Harbor Intl","APT1_LAANC":1,"AIRSPACE_1":"B","REGION":"Western"}},{"type":"Feature","id":44540,"geometry":{"type":"Polygon","coordinates":[[[-112.150013577406,33.5083386839161],[-112.150013577406,33.5166720192114],[-112.14168024211,33.5166720192114],[-112.14168024211,33.5083386839161],[-112.150013577406,33.5083386839161]]]},"properties":{"OBJECTID":44540,"CEILING":300,"UNIT":"Feet","MAP_EFF":"8/6/2026","LAST_EDIT":"10/27/2017","LATITUDE":33.512505350000005,"LONGITUDE":-112.14584690999999,"APT1_FAAID":"PHX","APT1_ICAO":"KPHX","APT1_NAME":"Phoenix Sky Harbor Intl","APT1_LAANC":1,"AIRSPACE_1":"B","REGION":"Western"}},{"type":"Feature","id":43106,"geometry":{"type":"Polygon","coordinates":[[[-112.091680232338,33.4000053290765],[-112.091680232338,33.4083386643719],[-112.083346897043,33.4083386643719],[-112.083346897043,33.4000053290765],[-112.091680232338,33.4000053290765]]]},"properties":{"OBJECTID":43106,"CEILING":100,"UNIT":"Feet","MAP_EFF":"8/6/2026","LAST_EDIT":"5/8/2017","LATITUDE":33.404172,"LONGITUDE":-112.08751356,"APT1_FAAID":"PHX","APT1_ICAO":"KPHX","APT1_NAME":"Phoenix Sky Harbor Intl","APT1_LAANC":1,"AIRSPACE_1":"B","REGION":"Western"}},{"type":"Feature","id":43112,"geometry":{"type":"Polygon","coordinates":[[[-111.975013542203,33.4000053290765],[-111.975013542203,33.4083386643719],[-111.966680206908,33.4083386643719],[-111.966680206908,33.4000053290765],[-111.975013542203,33.4000053290765]]]},"properties":{"OBJECTID":43112,"CEILING":100,"UNIT":"Feet","MAP_EFF":"8/6/2026","LAST_EDIT":"5/8/2017","LATITUDE":33.404172,"LONGITUDE":-111.97084687,"APT1_FAAID":"PHX","APT1_ICAO":"KPHX","APT1_NAME":"Phoenix Sky Harbor Intl","APT1_LAANC":1,"AIRSPACE_1":"B","REGION":"Western"}},{"type":"Feature","id":43899,"geometry":{"type":"Polygon","coordinates":[[[-112.116680237224,33.458338674144],[-112.116680237224,33.4666720094393],[-112.108346901929,33.4666720094393],[-112.108346901929,33.458338674144],[-112.116680237224,33.458338674144]]]},"properties":{"OBJECTID":43899,"CEILING":100,"UNIT":"Feet","MAP_EFF":"8/6/2026","LAST_EDIT":"5/8/2017","LATITUDE":33.46250534,"LONGITUDE":-112.11251356999999,"APT1_FAAID":"PHX","APT1_ICAO":"KPHX","APT1_NAME":"Phoenix Sky Harbor Intl","APT1_LAANC":1,"AIRSPACE_1":"B","REGION":"Western"}},{"type":"Feature","id":42914,"geometry":{"type":"Polygon","coordinates":[[[-112.116680237224,33.3833386594858],[-112.116680237224,33.3916719937812],[-112.108346901929,33.3916719937812],[-112.108346901929,33.3833386594858],[-112.116680237224,33.3833386594858]]]},"properties":{"OBJECTID":42914,"CEILING":100,"UNIT":"Feet","MAP_EFF":"8/6/2026","LAST_EDIT":"5/8/2017","LATITUDE":33.38750533,"LONGITUDE":-112.11251356999999,"APT1_FAAID":"PHX","APT1_ICAO":"KPHX","APT1_NAME":"Phoenix Sky Harbor Intl","APT1_LAANC":1,"AIRSPACE_1":"B","REGION":"Western"}},{"type":"Feature","id":335938,"geometry":{"type":"Polygon","coordinates":[[[-112.150013577406,33.3833386594858],[-112.150013577406,33.3916719937812],[-112.14168024211,33.3916719937812],[-112.14168024211,33.3833386594858],[-112.150013577406,33.3833386594858]]]},"properties":{"OBJECTID":335938,"CEILING":200,"UNIT":"Feet","MAP_EFF":"8/6/2026","LAST_EDIT":"5/8/2017","LATITUDE":33.38750533,"LONGITUDE":-112.14584690999999,"APT1_FAAID":"PHX","APT1_ICAO":"KPHX","APT1_NAME":"Phoenix Sky Harbor Intl","APT1_LAANC":1,"AIRSPACE_1":"B","REGION":"Western"}},{"type":"Feature","id":336184,"geometry":{"type":"Polygon","coordinates":[[[-111.916680197136,33.4916720143253],[-111.916680197136,33.5000053486207],[-111.90834686184,33.5000053486207],[-111.90834686184,33.4916720143253],[-111.916680197136,33.4916720143253]]]},"properties":{"OBJECTID":336184,"CEILING":300,"UNIT":"Feet","MAP_EFF":"8/6/2026","LAST_EDIT":"10/27/2017","LATITUDE":33.495838680000006,"LONGITUDE":-111.91251353,"APT1_FAAID":"PHX","APT1_ICAO":"KPHX","APT1_NAME":"Phoenix Sky Harbor Intl","APT1_LAANC":1,"AIRSPACE_1":"B","REGION":"Western"}},{"type":"Feature","id":42628,"geometry":{"type":"Polygon","coordinates":[[[-111.90834686184,33.3500053193044],[-111.90834686184,33.3583386535998],[-111.900013526545,33.3583386535998],[-111.900013526545,33.3500053193044],[-111.90834686184,33.3500053193044]]]},"properties":{"OBJECTID":42628,"CEILING":400,"UNIT":"Feet","MAP_EFF":"8/6/2026","LAST_EDIT":"5/8/2017","LATITUDE":33.354171990000005,"LONGITUDE":-111.90418019,"APT1_FAAID":"PHX","APT1_ICAO":"KPHX","APT1_NAME":"Phoenix Sky Harbor Intl","APT1_LAANC":1,"AIRSPACE_1":"B","REGION":"Western"}},{"type":"Feature","id":44122,"geometry":{"type":"Polygon","coordinates":[[[-111.900013526545,33.4750053437347],[-111.900013526545,33.48333867903],[-111.89168019225,33.48333867903],[-111.89168019225,33.4750053437347],[-111.900013526545,33.4750053437347]]]},"properties":{"OBJECTID":44122,"CEILING":300,"UNIT":"Feet","MAP_EFF":"8/6/2026","LAST_EDIT":"10/27/2017","LATITUDE":33.47917201,"LONGITUDE":-111.89584685999999,"APT1_FAAID":"PHX","APT1_ICAO":"KPHX","APT1_NAME":"Phoenix Sky Harbor Intl","APT1_LAANC":1,"AIRSPACE_1":"B","REGION":"Western"}},{"type":"Feature","id":44975,"geometry":{"type":"Polygon","coordinates":[[[-111.925013532431,33.5500053593928],[-111.925013532431,33.5583386936881],[-111.916680197136,33.5583386936881],[-111.916680197136,33.5500053593928],[-111.925013532431,33.5500053593928]]]},"properties":{"OBJECTID":44975,"CEILING":300,"UNIT":"Feet","MAP_EFF":"8/6/2026","LAST_EDIT":"5/8/2017","LATITUDE":33.55417203,"LONGITUDE":-111.92084686,"APT1_FAAID":"SDL","APT1_ICAO":"KSDL","APT1_NAME":"Scottsdale","APT1_LAANC":1,"AIRSPACE_1":"D","REGION":"Western"}},{"type":"Feature","id":44002,"geometry":{"type":"Polygon","coordinates":[[[-112.166680246996,33.4666720094393],[-112.166680246996,33.4750053437347],[-112.158346911701,33.4750053437347],[-112.158346911701,33.4666720094393],[-112.166680246996,33.4666720094393]]]},"properties":{"OBJECTID":44002,"CEILING":300,"UNIT":"Feet","MAP_EFF":"8/6/2026","LAST_EDIT":"10/27/2017","LATITUDE":33.47083868,"LONGITUDE":-112.16251358,"APT1_FAAID":"PHX","APT1_ICAO":"KPHX","APT1_NAME":"Phoenix Sky Harbor Intl","APT1_LAANC":1,"AIRSPACE_1":"B","REGION":"Western"}},{"type":"Feature","id":43103,"geometry":{"type":"Polygon","coordinates":[[[-112.116680237224,33.4000053290765],[-112.116680237224,33.4083386643719],[-112.108346901929,33.4083386643719],[-112.108346901929,33.4000053290765],[-112.116680237224,33.4000053290765]]]},"properties":{"OBJECTID":43103,"CEILING":100,"UNIT":"Feet","MAP_EFF":"8/6/2026","LAST_EDIT":"5/8/2017","LATITUDE":33.404172,"LONGITUDE":-112.11251356999999,"APT1_FAAID":"PHX","APT1_ICAO":"KPHX","APT1_NAME":"Phoenix Sky Harbor Intl","APT1_LAANC":1,"AIRSPACE_1":"B","REGION":"Western"}},{"type":"Feature","id":336127,"geometry":{"type":"Polygon","coordinates":[[[-112.075013561747,33.4666720094393],[-112.075013561747,33.4750053437347],[-112.066680227452,33.4750053437347],[-112.066680227452,33.4666720094393],[-112.075013561747,33.4666720094393]]]},"properties":{"OBJECTID":336127,"CEILING":200,"UNIT":"Feet","MAP_EFF":"8/6/2026","LAST_EDIT":"5/8/2017","LATITUDE":33.47083868,"LONGITUDE":-112.07084689,"APT1_FAAID":"PHX","APT1_ICAO":"KPHX","APT1_NAME":"Phoenix Sky Harbor Intl","APT1_LAANC":1,"AIRSPACE_1":"B","REGION":"Western"}},{"type":"Feature","id":43693,"geometry":{"type":"Polygon","coordinates":[[[-112.000013547089,33.4416720035533],[-112.000013547089,33.4500053388486],[-111.991680211794,33.4500053388486],[-111.991680211794,33.4416720035533],[-112.000013547089,33.4416720035533]]]},"properties":{"OBJECTID":43693,"CEILING":0,"UNIT":"Feet","MAP_EFF":"8/6/2026","LAST_EDIT":"5/8/2017","LATITUDE":33.44583867,"LONGITUDE":-111.99584688,"APT1_FAAID":"PHX","APT1_ICAO":"KPHX","APT1_NAME":"Phoenix Sky Harbor Intl","APT1_LAANC":1,"AIRSPACE_1":"B","REGION":"Western"}},{"type":"Feature","id":42697,"geometry":{"type":"Polygon","coordinates":[[[-111.925013532431,33.3583386535998],[-111.925013532431,33.3666719888952],[-111.916680197136,33.3666719888952],[-111.916680197136,33.3583386535998],[-111.925013532431,33.3583386535998]]]},"properties":{"OBJECTID":42697,"CEILING":400,"UNIT":"Feet","MAP_EFF":"8/6/2026","LAST_EDIT":"5/8/2017","LATITUDE":33.36250532,"LONGITUDE":-111.92084686,"APT1_FAAID":"PHX","APT1_ICAO":"KPHX","APT1_NAME":"Phoenix Sky Harbor Intl","APT1_LAANC":1,"AIRSPACE_1":"B","REGION":"Western"}},{"type":"Feature","id":43218,"geometry":{"type":"Polygon","coordinates":[[[-111.975013542203,33.4083386643719],[-111.975013542203,33.4166719986673],[-111.966680206908,33.4166719986673],[-111.966680206908,33.4083386643719],[-111.975013542203,33.4083386643719]]]},"properties":{"OBJECTID":43218,"CEILING":100,"UNIT":"Feet","MAP_EFF":"8/6/2026","LAST_EDIT":"5/8/2017","LATITUDE":33.41250533,"LONGITUDE":-111.97084687,"APT1_FAAID":"PHX","APT1_ICAO":"KPHX","APT1_NAME":"Phoenix Sky Harbor Intl","APT1_LAANC":1,"AIRSPACE_1":"B","REGION":"Western"}},{"type":"Feature","id":336052,"geometry":{"type":"Polygon","coordinates":[[[-112.075013561747,33.4333386692579],[-112.075013561747,33.4416720035533],[-112.066680227452,33.4416720035533],[-112.066680227452,33.4333386692579],[-112.075013561747,33.4333386692579]]]},"properties":{"OBJECTID":336052,"CEILING":100,"UNIT":"Feet","MAP_EFF":"8/6/2026","LAST_EDIT":"5/8/2017","LATITUDE":33.43750534,"LONGITUDE":-112.07084689,"APT1_FAAID":"PHX","APT1_ICAO":"KPHX","APT1_NAME":"Phoenix Sky Harbor Intl","APT1_LAANC":1,"AIRSPACE_1":"B","REGION":"Western"}},{"type":"Feature","id":43461,"geometry":{"type":"Polygon","coordinates":[[[-111.916680197136,33.4250053339626],[-111.916680197136,33.4333386692579],[-111.90834686184,33.4333386692579],[-111.90834686184,33.4250053339626],[-111.916680197136,33.4250053339626]]]},"properties":{"OBJECTID":43461,"CEILING":100,"UNIT":"Feet","MAP_EFF":"8/6/2026","LAST_EDIT":"10/27/2017","LATITUDE":33.429172,"LONGITUDE":-111.91251353,"APT1_FAAID":"PHX","APT1_ICAO":"KPHX","APT1_NAME":"Phoenix Sky Harbor Intl","APT1_LAANC":1,"AIRSPACE_1":"B","REGION":"Western"}},{"type":"Feature","id":44102,"geometry":{"type":"Polygon","coordinates":[[[-112.166680246996,33.4750053437347],[-112.166680246996,33.48333867903],[-112.158346911701,33.48333867903],[-112.158346911701,33.4750053437347],[-112.166680246996,33.4750053437347]]]},"properties":{"OBJECTID":44102,"CEILING":300,"UNIT":"Feet","MAP_EFF":"8/6/2026","LAST_EDIT":"10/27/2017","LATITUDE":33.47917201,"LONGITUDE":-112.16251358,"APT1_FAAID":"PHX","APT1_ICAO":"KPHX","APT1_NAME":"Phoenix Sky Harbor Intl","APT1_LAANC":1,"AIRSPACE_1":"B","REGION":"Western"}},{"type":"Feature","id":44008,"geometry":{"type":"Polygon","coordinates":[[[-112.108346901929,33.4666720094393],[-112.108346901929,33.4750053437347],[-112.100013566633,33.4750053437347],[-112.100013566633,33.4666720094393],[-112.108346901929,33.4666720094393]]]},"properties":{"OBJECTID":44008,"CEILING":300,"UNIT":"Feet","MAP_EFF":"8/6/2026","LAST_EDIT":"10/27/2017","LATITUDE":33.47083868,"LONGITUDE":-112.10418023,"APT1_FAAID":"PHX","APT1_ICAO":"KPHX","APT1_NAME":"Phoenix Sky Harbor Intl","APT1_LAANC":1,"AIRSPACE_1":"B","REGION":"Western"}},{"type":"Feature","id":43810,"geometry":{"type":"Polygon","coordinates":[[[-111.958346871612,33.4500053388486],[-111.958346871612,33.458338674144],[-111.950013537317,33.458338674144],[-111.950013537317,33.4500053388486],[-111.958346871612,33.4500053388486]]]},"properties":{"OBJECTID":43810,"CEILING":100,"UNIT":"Feet","MAP_EFF":"8/6/2026","LAST_EDIT":"5/8/2017","LATITUDE":33.454172009999994,"LONGITUDE":-111.9541802,"APT1_FAAID":"PHX","APT1_ICAO":"KPHX","APT1_NAME":"Phoenix Sky Harbor Intl","APT1_LAANC":1,"AIRSPACE_1":"B","REGION":"Western"}},{"type":"Feature","id":44022,"geometry":{"type":"Polygon","coordinates":[[[-111.900013526545,33.4666720094393],[-111.900013526545,33.4750053437347],[-111.89168019225,33.4750053437347],[-111.89168019225,33.4666720094393],[-111.900013526545,33.4666720094393]]]},"properties":{"OBJECTID":44022,"CEILING":300,"UNIT":"Feet","MAP_EFF":"8/6/2026","LAST_EDIT":"10/27/2017","LATITUDE":33.47083868,"LONGITUDE":-111.89584685999999,"APT1_FAAID":"PHX","APT1_ICAO":"KPHX","APT1_NAME":"Phoenix Sky Harbor Intl","APT1_LAANC":1,"AIRSPACE_1":"B","REGION":"Western"}},{"type":"Feature","id":42834,"geometry":{"type":"Polygon","coordinates":[[[-112.100013566633,33.3750053241905],[-112.100013566633,33.3833386594858],[-112.091680232338,33.3833386594858],[-112.091680232338,33.3750053241905],[-112.100013566633,33.3750053241905]]]},"properties":{"OBJECTID":42834,"CEILING":400,"UNIT":"Feet","MAP_EFF":"8/6/2026","LAST_EDIT":"5/8/2017","LATITUDE":33.37917199,"LONGITUDE":-112.0958469,"APT1_FAAID":"PHX","APT1_ICAO":"KPHX","APT1_NAME":"Phoenix Sky Harbor Intl","APT1_LAANC":1,"AIRSPACE_1":"B","REGION":"Western"}},{"type":"Feature","id":126738,"geometry":{"type":"Polygon","coordinates":[[[-112.166680246996,33.3916719937812],[-112.166680246996,33.4000053290765],[-112.158346911701,33.4000053290765],[-112.158346911701,33.3916719937812],[-112.166680246996,33.3916719937812]]]},"properties":{"OBJECTID":126738,"CEILING":400,"UNIT":"Feet","MAP_EFF":"8/6/2026","LAST_EDIT":"8/17/2026","LATITUDE":33.39583866,"LONGITUDE":-112.16251358,"APT1_FAAID":"PHX","APT1_ICAO":"KPHX","APT1_NAME":"Phoenix Sky Harbor Intl","APT1_LAANC":1,"AIRSPACE_1":"B","REGION":"Western"}},{"type":"Feature","id":43581,"geometry":{"type":"Polygon","coordinates":[[[-111.933346866726,33.4333386692579],[-111.933346866726,33.4416720035533],[-111.925013532431,33.4416720035533],[-111.925013532431,33.4333386692579],[-111.933346866726,33.4333386692579]]]},"properties":{"OBJECTID":43581,"CEILING":100,"UNIT":"Feet","MAP_EFF":"8/6/2026","LAST_EDIT":"10/27/2017","LATITUDE":33.43750534,"LONGITUDE":-111.9291802,"APT1_FAAID":"PHX","APT1_ICAO":"KPHX","APT1_NAME":"Phoenix Sky Harbor Intl","APT1_LAANC":1,"AIRSPACE_1":"B","REGION":"Western"}},{"type":"Feature","id":43916,"geometry":{"type":"Polygon","coordinates":[[[-111.991680211794,33.458338674144],[-111.991680211794,33.4666720094393],[-111.983346877499,33.4666720094393],[-111.983346877499,33.458338674144],[-111.991680211794,33.458338674144]]]},"properties":{"OBJECTID":43916,"CEILING":100,"UNIT":"Feet","MAP_EFF":"8/6/2026","LAST_EDIT":"5/8/2017","LATITUDE":33.46250534,"LONGITUDE":-111.98751354,"APT1_FAAID":"PHX","APT1_ICAO":"KPHX","APT1_NAME":"Phoenix Sky Harbor Intl","APT1_LAANC":1,"AIRSPACE_1":"B","REGION":"Western"}},{"type":"Feature","id":336015,"geometry":{"type":"Polygon","coordinates":[[[-111.916680197136,33.4166719986673],[-111.916680197136,33.4250053339626],[-111.90834686184,33.4250053339626],[-111.90834686184,33.4166719986673],[-111.916680197136,33.4166719986673]]]},"properties":{"OBJECTID":336015,"CEILING":100,"UNIT":"Feet","MAP_EFF":"8/6/2026","LAST_EDIT":"10/27/2017","LATITUDE":33.42083867,"LONGITUDE":-111.91251353,"APT1_FAAID":"PHX","APT1_ICAO":"KPHX","APT1_NAME":"Phoenix Sky Harbor Intl","APT1_LAANC":1,"AIRSPACE_1":"B","REGION":"Western"}},{"type":"Feature","id":43226,"geometry":{"type":"Polygon","coordinates":[[[-111.916680197136,33.4083386643719],[-111.916680197136,33.4166719986673],[-111.90834686184,33.4166719986673],[-111.90834686184,33.4083386643719],[-111.916680197136,33.4083386643719]]]},"properties":{"OBJECTID":43226,"CEILING":100,"UNIT":"Feet","MAP_EFF":"8/6/2026","LAST_EDIT":"10/27/2017","LATITUDE":33.41250533,"LONGITUDE":-111.91251353,"APT1_FAAID":"PHX","APT1_ICAO":"KPHX","APT1_NAME":"Phoenix Sky Harbor Intl","APT1_LAANC":1,"AIRSPACE_1":"B","REGION":"Western"}},{"type":"Feature","id":44214,"geometry":{"type":"Polygon","coordinates":[[[-112.083346897043,33.48333867903],[-112.083346897043,33.4916720143253],[-112.075013561747,33.4916720143253],[-112.075013561747,33.48333867903],[-112.083346897043,33.48333867903]]]},"properties":{"OBJECTID":44214,"CEILING":300,"UNIT":"Feet","MAP_EFF":"8/6/2026","LAST_EDIT":"10/27/2017","LATITUDE":33.48750535,"LONGITUDE":-112.07918022999999,"APT1_FAAID":"PHX","APT1_ICAO":"KPHX","APT1_NAME":"Phoenix Sky Harbor Intl","APT1_LAANC":1,"AIRSPACE_1":"B","REGION":"Western"}},{"type":"Feature","id":336301,"geometry":{"type":"Polygon","coordinates":[[[-112.108346901929,33.5000053486207],[-112.108346901929,33.5083386839161],[-112.100013566633,33.5083386839161],[-112.100013566633,33.5000053486207],[-112.108346901929,33.5000053486207]]]},"properties":{"OBJECTID":336301,"CEILING":300,"UNIT":"Feet","MAP_EFF":"8/6/2026","LAST_EDIT":"10/27/2017","LATITUDE":33.50417202,"LONGITUDE":-112.10418023,"APT1_FAAID":"PHX","APT1_ICAO":"KPHX","APT1_NAME":"Phoenix Sky Harbor Intl","APT1_LAANC":1,"AIRSPACE_1":"B","REGION":"Western"}},{"type":"Feature","id":43432,"geometry":{"type":"Polygon","coordinates":[[[-112.133346906815,33.4250053339626],[-112.133346906815,33.4333386692579],[-112.125013571519,33.4333386692579],[-112.125013571519,33.4250053339626],[-112.133346906815,33.4250053339626]]]},"properties":{"OBJECTID":43432,"CEILING":200,"UNIT":"Feet","MAP_EFF":"8/6/2026","LAST_EDIT":"5/8/2017","LATITUDE":33.429172,"LONGITUDE":-112.12918024,"APT1_FAAID":"PHX","APT1_ICAO":"KPHX","APT1_NAME":"Phoenix Sky Harbor Intl","APT1_LAANC":1,"AIRSPACE_1":"B","REGION":"Western"}},{"type":"Feature","id":45098,"geometry":{"type":"Polygon","coordinates":[[[-111.950013537317,33.5583386936881],[-111.950013537317,33.5666720289835],[-111.941680202022,33.5666720289835],[-111.941680202022,33.5583386936881],[-111.950013537317,33.5583386936881]]]},"properties":{"OBJECTID":45098,"CEILING":300,"UNIT":"Feet","MAP_EFF":"8/6/2026","LAST_EDIT":"5/8/2017","LATITUDE":33.56250536,"LONGITUDE":-111.94584687000001,"APT1_FAAID":"SDL","APT1_ICAO":"KSDL","APT1_NAME":"Scottsdale","APT1_LAANC":1,"AIRSPACE_1":"D","REGION":"Western"}},{"type":"Feature","id":336009,"geometry":{"type":"Polygon","coordinates":[[[-112.100013566633,33.4166719986673],[-112.100013566633,33.4250053339626],[-112.091680232338,33.4250053339626],[-112.091680232338,33.4166719986673],[-112.100013566633,33.4166719986673]]]},"properties":{"OBJECTID":336009,"CEILING":100,"UNIT":"Feet","MAP_EFF":"8/6/2026","LAST_EDIT":"5/8/2017","LATITUDE":33.42083867,"LONGITUDE":-112.0958469,"APT1_FAAID":"PHX","APT1_ICAO":"KPHX","APT1_NAME":"Phoenix Sky Harbor Intl","APT1_LAANC":1,"AIRSPACE_1":"B","REGION":"Western"}},{"type":"Feature","id":43332,"geometry":{"type":"Polygon","coordinates":[[[-111.991680211794,33.4166719986673],[-111.991680211794,33.4250053339626],[-111.983346877499,33.4250053339626],[-111.983346877499,33.4166719986673],[-111.991680211794,33.4166719986673]]]},"properties":{"OBJECTID":43332,"CEILING":0,"UNIT":"Feet","MAP_EFF":"8/6/2026","LAST_EDIT":"5/8/2017","LATITUDE":33.42083867,"LONGITUDE":-111.98751354,"APT1_FAAID":"PHX","APT1_ICAO":"KPHX","APT1_NAME":"Phoenix Sky Harbor Intl","APT1_LAANC":1,"AIRSPACE_1":"B","REGION":"Western"}},{"type":"Feature","id":43673,"geometry":{"type":"Polygon","coordinates":[[[-112.133346906815,33.4416720035533],[-112.133346906815,33.4500053388486],[-112.125013571519,33.4500053388486],[-112.125013571519,33.4416720035533],[-112.133346906815,33.4416720035533]]]},"properties":{"OBJECTID":43673,"CEILING":200,"UNIT":"Feet","MAP_EFF":"8/6/2026","LAST_EDIT":"5/8/2017","LATITUDE":33.44583867,"LONGITUDE":-112.12918024,"APT1_FAAID":"PHX","APT1_ICAO":"KPHX","APT1_NAME":"Phoenix Sky Harbor Intl","APT1_LAANC":1,"AIRSPACE_1":"B","REGION":"Western"}},{"type":"Feature","id":43922,"geometry":{"type":"Polygon","coordinates":[[[-111.933346866726,33.458338674144],[-111.933346866726,33.4666720094393],[-111.925013532431,33.4666720094393],[-111.925013532431,33.458338674144],[-111.933346866726,33.458338674144]]]},"properties":{"OBJECTID":43922,"CEILING":100,"UNIT":"Feet","MAP_EFF":"8/6/2026","LAST_EDIT":"10/27/2017","LATITUDE":33.46250534,"LONGITUDE":-111.9291802,"APT1_FAAID":"PHX","APT1_ICAO":"KPHX","APT1_NAME":"Phoenix Sky Harbor Intl","APT1_LAANC":1,"AIRSPACE_1":"B","REGION":"Western"}},{"type":"Feature","id":42840,"geometry":{"type":"Polygon","coordinates":[[[-111.925013532431,33.3750053241905],[-111.925013532431,33.3833386594858],[-111.916680197136,33.3833386594858],[-111.916680197136,33.3750053241905],[-111.925013532431,33.3750053241905]]]},"properties":{"OBJECTID":42840,"CEILING":400,"UNIT":"Feet","MAP_EFF":"8/6/2026","LAST_EDIT":"5/8/2017","LATITUDE":33.37917199,"LONGITUDE":-111.92084686,"APT1_FAAID":"PHX","APT1_ICAO":"KPHX","APT1_NAME":"Phoenix Sky Harbor Intl","APT1_LAANC":1,"AIRSPACE_1":"B","REGION":"Western"}},{"type":"Feature","id":45247,"geometry":{"type":"Polygon","coordinates":[[[-111.90834686184,33.5666720289835],[-111.90834686184,33.5750053642788],[-111.900013526545,33.5750053642788],[-111.900013526545,33.5666720289835],[-111.90834686184,33.5666720289835]]]},"properties":{"OBJECTID":45247,"CEILING":200,"UNIT":"Feet","MAP_EFF":"8/6/2026","LAST_EDIT":"5/8/2017","LATITUDE":33.570838699999996,"LONGITUDE":-111.90418019,"APT1_FAAID":"SDL","APT1_ICAO":"KSDL","APT1_NAME":"Scottsdale","APT1_LAANC":1,"AIRSPACE_1":"D","REGION":"Western"}},{"type":"Feature","id":42691,"geometry":{"type":"Polygon","coordinates":[[[-112.14168024211,33.3583386535998],[-112.14168024211,33.3666719888952],[-112.133346906815,33.3666719888952],[-112.133346906815,33.3583386535998],[-112.14168024211,33.3583386535998]]]},"properties":{"OBJECTID":42691,"CEILING":400,"UNIT":"Feet","MAP_EFF":"8/6/2026","LAST_EDIT":"5/8/2017","LATITUDE":33.36250532,"LONGITUDE":-112.13751357,"APT1_FAAID":"PHX","APT1_ICAO":"KPHX","APT1_NAME":"Phoenix Sky Harbor Intl","APT1_LAANC":1,"AIRSPACE_1":"B","REGION":"Western"}},{"type":"Feature","id":336158,"geometry":{"type":"Polygon","coordinates":[[[-112.125013571519,33.48333867903],[-112.125013571519,33.4916720143253],[-112.116680237224,33.4916720143253],[-112.116680237224,33.48333867903],[-112.125013571519,33.48333867903]]]},"properties":{"OBJECTID":336158,"CEILING":300,"UNIT":"Feet","MAP_EFF":"8/6/2026","LAST_EDIT":"10/27/2017","LATITUDE":33.48750535,"LONGITUDE":-112.1208469,"APT1_FAAID":"PHX","APT1_ICAO":"KPHX","APT1_NAME":"Phoenix Sky Harbor Intl","APT1_LAANC":1,"AIRSPACE_1":"B","REGION":"Western"}},{"type":"Feature","id":45396,"geometry":{"type":"Polygon","coordinates":[[[-111.925013532431,33.5750053642788],[-111.925013532431,33.5833386985742],[-111.916680197136,33.5833386985742],[-111.916680197136,33.5750053642788],[-111.925013532431,33.5750053642788]]]},"properties":{"OBJECTID":45396,"CEILING":200,"UNIT":"Feet","MAP_EFF":"8/6/2026","LAST_EDIT":"5/8/2017","LATITUDE":33.579172029999995,"LONGITUDE":-111.92084686,"APT1_FAAID":"SDL","APT1_ICAO":"KSDL","APT1_NAME":"Scottsdale","APT1_LAANC":1,"AIRSPACE_1":"D","REGION":"Western"}},{"type":"Feature","id":335972,"geometry":{"type":"Polygon","coordinates":[[[-112.125013571519,33.4000053290765],[-112.125013571519,33.4083386643719],[-112.116680237224,33.4083386643719],[-112.116680237224,33.4000053290765],[-112.125013571519,33.4000053290765]]]},"properties":{"OBJECTID":335972,"CEILING":200,"UNIT":"Feet","MAP_EFF":"8/6/2026","LAST_EDIT":"5/8/2017","LATITUDE":33.404172,"LONGITUDE":-112.1208469,"APT1_FAAID":"PHX","APT1_ICAO":"KPHX","APT1_NAME":"Phoenix Sky Harbor Intl","APT1_LAANC":1,"AIRSPACE_1":"B","REGION":"Western"}},{"type":"Feature","id":43209,"geometry":{"type":"Polygon","coordinates":[[[-112.066680227452,33.4083386643719],[-112.066680227452,33.4166719986673],[-112.058346892157,33.4166719986673],[-112.058346892157,33.4083386643719],[-112.066680227452,33.4083386643719]]]},"properties":{"OBJECTID":43209,"CEILING":100,"UNIT":"Feet","MAP_EFF":"8/6/2026","LAST_EDIT":"5/8/2017","LATITUDE":33.41250533,"LONGITUDE":-112.06251356,"APT1_FAAID":"PHX","APT1_ICAO":"KPHX","APT1_NAME":"Phoenix Sky Harbor Intl","APT1_LAANC":1,"AIRSPACE_1":"B","REGION":"Western"}},{"type":"Feature","id":44205,"geometry":{"type":"Polygon","coordinates":[[[-112.166680246996,33.48333867903],[-112.166680246996,33.4916720143253],[-112.158346911701,33.4916720143253],[-112.158346911701,33.48333867903],[-112.166680246996,33.48333867903]]]},"properties":{"OBJECTID":44205,"CEILING":300,"UNIT":"Feet","MAP_EFF":"8/6/2026","LAST_EDIT":"10/27/2017","LATITUDE":33.48750535,"LONGITUDE":-112.16251358,"APT1_FAAID":"PHX","APT1_ICAO":"KPHX","APT1_NAME":"Phoenix Sky Harbor Intl","APT1_LAANC":1,"AIRSPACE_1":"B","REGION":"Western"}},{"type":"Feature","id":336304,"geometry":{"type":"Polygon","coordinates":[[[-111.90834686184,33.5000053486207],[-111.90834686184,33.5083386839161],[-111.900013526545,33.5083386839161],[-111.900013526545,33.5000053486207],[-111.90834686184,33.5000053486207]]]},"properties":{"OBJECTID":336304,"CEILING":400,"UNIT":"Feet","MAP_EFF":"8/6/2026","LAST_EDIT":"5/8/2017","LATITUDE":33.50417202,"LONGITUDE":-111.90418019,"APT1_FAAID":"PHX","APT1_ICAO":"KPHX","APT1_NAME":"Phoenix Sky Harbor Intl","APT1_LAANC":1,"AIRSPACE_1":"B","REGION":"Western"}},{"type":"Feature","id":335995,"geometry":{"type":"Polygon","coordinates":[[[-111.900013526545,33.4083386643719],[-111.900013526545,33.4166719986673],[-111.89168019225,33.4166719986673],[-111.89168019225,33.4083386643719],[-111.900013526545,33.4083386643719]]]},"properties":{"OBJECTID":335995,"CEILING":100,"UNIT":"Feet","MAP_EFF":"8/6/2026","LAST_EDIT":"10/27/2017","LATITUDE":33.41250533,"LONGITUDE":-111.89584685999999,"APT1_FAAID":"PHX","APT1_ICAO":"KPHX","APT1_NAME":"Phoenix Sky Harbor Intl","APT1_LAANC":1,"AIRSPACE_1":"B","REGION":"Western"}},{"type":"Feature","id":42760,"geometry":{"type":"Polygon","coordinates":[[[-112.116680237224,33.3666719888952],[-112.116680237224,33.3750053241905],[-112.108346901929,33.3750053241905],[-112.108346901929,33.3666719888952],[-112.116680237224,33.3666719888952]]]},"properties":{"OBJECTID":42760,"CEILING":400,"UNIT":"Feet","MAP_EFF":"8/6/2026","LAST_EDIT":"5/8/2017","LATITUDE":33.370838660000004,"LONGITUDE":-112.11251356999999,"APT1_FAAID":"PHX","APT1_ICAO":"KPHX","APT1_NAME":"Phoenix Sky Harbor Intl","APT1_LAANC":1,"AIRSPACE_1":"B","REGION":"Western"}},{"type":"Feature","id":42831,"geometry":{"type":"Polygon","coordinates":[[[-112.133346906815,33.3750053241905],[-112.133346906815,33.3833386594858],[-112.125013571519,33.3833386594858],[-112.125013571519,33.3750053241905],[-112.133346906815,33.3750053241905]]]},"properties":{"OBJECTID":42831,"CEILING":400,"UNIT":"Feet","MAP_EFF":"8/6/2026","LAST_EDIT":"5/8/2017","LATITUDE":33.37917199,"LONGITUDE":-112.12918024,"APT1_FAAID":"PHX","APT1_ICAO":"KPHX","APT1_NAME":"Phoenix Sky Harbor Intl","APT1_LAANC":1,"AIRSPACE_1":"B","REGION":"Western"}},{"type":"Feature","id":43424,"geometry":{"type":"Polygon","coordinates":[[[-112.166680246996,33.4250053339626],[-112.166680246996,33.4333386692579],[-112.158346911701,33.4333386692579],[-112.158346911701,33.4250053339626],[-112.166680246996,33.4250053339626]]]},"properties":{"OBJECTID":43424,"CEILING":400,"UNIT":"Feet","MAP_EFF":"8/6/2026","LAST_EDIT":"8/17/2026","LATITUDE":33.429172,"LONGITUDE":-112.16251358,"APT1_FAAID":"PHX","APT1_ICAO":"KPHX","APT1_NAME":"Phoenix Sky Harbor Intl","APT1_LAANC":1,"AIRSPACE_1":"B","REGION":"Western"}},{"type":"Feature","id":45748,"geometry":{"type":"Polygon","coordinates":[[[-111.900013526545,33.5916720338695],[-111.900013526545,33.6000053691649],[-111.89168019225,33.6000053691649],[-111.89168019225,33.5916720338695],[-111.900013526545,33.5916720338695]]]},"properties":{"OBJECTID":45748,"CEILING":100,"UNIT":"Feet","MAP_EFF":"8/6/2026","LAST_EDIT":"5/8/2017","LATITUDE":33.595838699999995,"LONGITUDE":-111.89584685999999,"APT1_FAAID":"SDL","APT1_ICAO":"KSDL","APT1_NAME":"Scottsdale","APT1_LAANC":1,"AIRSPACE_1":"D","REGION":"Western"}},{"type":"Feature","id":43017,"geometry":{"type":"Polygon","coordinates":[[[-111.966680206908,33.3916719937812],[-111.966680206908,33.4000053290765],[-111.958346871612,33.4000053290765],[-111.958346871612,33.3916719937812],[-111.966680206908,33.3916719937812]]]},"properties":{"OBJECTID":43017,"CEILING":100,"UNIT":"Feet","MAP_EFF":"8/6/2026","LAST_EDIT":"10/27/2017","LATITUDE":33.39583866,"LONGITUDE":-111.96251354,"APT1_FAAID":"PHX","APT1_ICAO":"KPHX","APT1_NAME":"Phoenix Sky Harbor Intl","APT1_LAANC":1,"AIRSPACE_1":"B","REGION":"Western"}},{"type":"Feature","id":43447,"geometry":{"type":"Polygon","coordinates":[[[-112.050013556861,33.4250053339626],[-112.050013556861,33.4333386692579],[-112.041680221566,33.4333386692579],[-112.041680221566,33.4250053339626],[-112.050013556861,33.4250053339626]]]},"properties":{"OBJECTID":43447,"CEILING":0,"UNIT":"Feet","MAP_EFF":"8/6/2026","LAST_EDIT":"5/8/2017","LATITUDE":33.429172,"LONGITUDE":-112.04584688999999,"APT1_FAAID":"PHX","APT1_ICAO":"KPHX","APT1_NAME":"Phoenix Sky Harbor Intl","APT1_LAANC":1,"AIRSPACE_1":"B","REGION":"Western"}},{"type":"Feature","id":44111,"geometry":{"type":"Polygon","coordinates":[[[-112.083346897043,33.4750053437347],[-112.083346897043,33.48333867903],[-112.075013561747,33.48333867903],[-112.075013561747,33.4750053437347],[-112.083346897043,33.4750053437347]]]},"properties":{"OBJECTID":44111,"CEILING":200,"UNIT":"Feet","MAP_EFF":"8/6/2026","LAST_EDIT":"5/8/2017","LATITUDE":33.47917201,"LONGITUDE":-112.07918022999999,"APT1_FAAID":"PHX","APT1_ICAO":"KPHX","APT1_NAME":"Phoenix Sky Harbor Intl","APT1_LAANC":1,"AIRSPACE_1":"B","REGION":"Western"}},{"type":"Feature","id":42923,"geometry":{"type":"Polygon","coordinates":[[[-111.933346866726,33.3833386594858],[-111.933346866726,33.3916719937812],[-111.925013532431,33.3916719937812],[-111.925013532431,33.3833386594858],[-111.933346866726,33.3833386594858]]]},"properties":{"OBJECTID":42923,"CEILING":100,"UNIT":"Feet","MAP_EFF":"8/6/2026","LAST_EDIT":"10/27/2017","LATITUDE":33.38750533,"LONGITUDE":-111.9291802,"APT1_FAAID":"PHX","APT1_ICAO":"KPHX","APT1_NAME":"Phoenix Sky Harbor Intl","APT1_LAANC":1,"AIRSPACE_1":"B","REGION":"Western"}},{"type":"Feature","id":335926,"geometry":{"type":"Polygon","coordinates":[[[-111.90834686184,33.3750053241905],[-111.90834686184,33.3833386594858],[-111.900013526545,33.3833386594858],[-111.900013526545,33.3750053241905],[-111.90834686184,33.3750053241905]]]},"properties":{"OBJECTID":335926,"CEILING":400,"UNIT":"Feet","MAP_EFF":"8/6/2026","LAST_EDIT":"5/8/2017","LATITUDE":33.37917199,"LONGITUDE":-111.90418019,"APT1_FAAID":"PHX","APT1_ICAO":"KPHX","APT1_NAME":"Phoenix Sky Harbor Intl","APT1_LAANC":1,"AIRSPACE_1":"B","REGION":"Western"}},{"type":"Feature","id":44105,"geometry":{"type":"Polygon","coordinates":[[[-112.14168024211,33.4750053437347],[-112.14168024211,33.48333867903],[-112.133346906815,33.48333867903],[-112.133346906815,33.4750053437347],[-112.14168024211,33.4750053437347]]]},"properties":{"OBJECTID":44105,"CEILING":300,"UNIT":"Feet","MAP_EFF":"8/6/2026","LAST_EDIT":"10/27/2017","LATITUDE":33.47917201,"LONGITUDE":-112.13751357,"APT1_FAAID":"PHX","APT1_ICAO":"KPHX","APT1_NAME":"Phoenix Sky Harbor Intl","APT1_LAANC":1,"AIRSPACE_1":"B","REGION":"Western"}},{"type":"Feature","id":45556,"geometry":{"type":"Polygon","coordinates":[[[-111.966680206908,33.5833386985742],[-111.966680206908,33.5916720338695],[-111.958346871612,33.5916720338695],[-111.958346871612,33.5833386985742],[-111.966680206908,33.5833386985742]]]},"properties":{"OBJECTID":45556,"CEILING":200,"UNIT":"Feet","MAP_EFF":"8/6/2026","LAST_EDIT":"5/8/2017","LATITUDE":33.587505369999995,"LONGITUDE":-111.96251354,"APT1_FAAID":"SDL","APT1_ICAO":"KSDL","APT1_NAME":"Scottsdale","APT1_LAANC":1,"AIRSPACE_1":"D","REGION":"Western"}},{"type":"Feature","id":43023,"geometry":{"type":"Polygon","coordinates":[[[-111.90834686184,33.3916719937812],[-111.90834686184,33.4000053290765],[-111.900013526545,33.4000053290765],[-111.900013526545,33.3916719937812],[-111.90834686184,33.3916719937812]]]},"properties":{"OBJECTID":43023,"CEILING":100,"UNIT":"Feet","MAP_EFF":"8/6/2026","LAST_EDIT":"10/27/2017","LATITUDE":33.39583866,"LONGITUDE":-111.90418019,"APT1_FAAID":"PHX","APT1_ICAO":"KPHX","APT1_NAME":"Phoenix Sky Harbor Intl","APT1_LAANC":1,"AIRSPACE_1":"B","REGION":"Western"}},{"type":"Feature","id":43203,"geometry":{"type":"Polygon","coordinates":[[[-112.125013571519,33.4083386643719],[-112.125013571519,33.4166719986673],[-112.116680237224,33.4166719986673],[-112.116680237224,33.4083386643719],[-112.125013571519,33.4083386643719]]]},"properties":{"OBJECTID":43203,"CEILING":200,"UNIT":"Feet","MAP_EFF":"8/6/2026","LAST_EDIT":"5/8/2017","LATITUDE":33.41250533,"LONGITUDE":-112.1208469,"APT1_FAAID":"PHX","APT1_ICAO":"KPHX","APT1_NAME":"Phoenix Sky Harbor Intl","APT1_LAANC":1,"AIRSPACE_1":"B","REGION":"Western"}},{"type":"Feature","id":43215,"geometry":{"type":"Polygon","coordinates":[[[-112.008346882385,33.4083386643719],[-112.008346882385,33.4166719986673],[-112.000013547089,33.4166719986673],[-112.000013547089,33.4083386643719],[-112.008346882385,33.4083386643719]]]},"properties":{"OBJECTID":43215,"CEILING":100,"UNIT":"Feet","MAP_EFF":"8/6/2026","LAST_EDIT":"5/8/2017","LATITUDE":33.41250533,"LONGITUDE":-112.00418020999999,"APT1_FAAID":"PHX","APT1_ICAO":"KPHX","APT1_NAME":"Phoenix Sky Harbor Intl","APT1_LAANC":1,"AIRSPACE_1":"B","REGION":"Western"}},{"type":"Feature","id":43796,"geometry":{"type":"Polygon","coordinates":[[[-112.091680232338,33.4500053388486],[-112.091680232338,33.458338674144],[-112.083346897043,33.458338674144],[-112.083346897043,33.4500053388486],[-112.091680232338,33.4500053388486]]]},"properties":{"OBJECTID":43796,"CEILING":100,"UNIT":"Feet","MAP_EFF":"8/6/2026","LAST_EDIT":"5/8/2017","LATITUDE":33.454172009999994,"LONGITUDE":-112.08751356,"APT1_FAAID":"PHX","APT1_ICAO":"KPHX","APT1_NAME":"Phoenix Sky Harbor Intl","APT1_LAANC":1,"AIRSPACE_1":"B","REGION":"Western"}},{"type":"Feature","id":44543,"geometry":{"type":"Polygon","coordinates":[[[-112.125013571519,33.5083386839161],[-112.125013571519,33.5166720192114],[-112.116680237224,33.5166720192114],[-112.116680237224,33.5083386839161],[-112.125013571519,33.5083386839161]]]},"properties":{"OBJECTID":44543,"CEILING":300,"UNIT":"Feet","MAP_EFF":"8/6/2026","LAST_EDIT":"10/27/2017","LATITUDE":33.512505350000005,"LONGITUDE":-112.1208469,"APT1_FAAID":"PHX","APT1_ICAO":"KPHX","APT1_NAME":"Phoenix Sky Harbor Intl","APT1_LAANC":1,"AIRSPACE_1":"B","REGION":"Western"}},{"type":"Feature","id":43309,"geometry":{"type":"Polygon","coordinates":[[[-112.158346911701,33.4166719986673],[-112.158346911701,33.4250053339626],[-112.150013577406,33.4250053339626],[-112.150013577406,33.4166719986673],[-112.158346911701,33.4166719986673]]]},"properties":{"OBJECTID":43309,"CEILING":200,"UNIT":"Feet","MAP_EFF":"8/6/2026","LAST_EDIT":"10/27/2017","LATITUDE":33.42083867,"LONGITUDE":-112.15418024,"APT1_FAAID":"PHX","APT1_ICAO":"KPHX","APT1_NAME":"Phoenix Sky Harbor Intl","APT1_LAANC":1,"AIRSPACE_1":"B","REGION":"Western"}},{"type":"Feature","id":42917,"geometry":{"type":"Polygon","coordinates":[[[-112.091680232338,33.3833386594858],[-112.091680232338,33.3916719937812],[-112.083346897043,33.3916719937812],[-112.083346897043,33.3833386594858],[-112.091680232338,33.3833386594858]]]},"properties":{"OBJECTID":42917,"CEILING":100,"UNIT":"Feet","MAP_EFF":"8/6/2026","LAST_EDIT":"5/8/2017","LATITUDE":33.38750533,"LONGITUDE":-112.08751356,"APT1_FAAID":"PHX","APT1_ICAO":"KPHX","APT1_NAME":"Phoenix Sky Harbor Intl","APT1_LAANC":1,"AIRSPACE_1":"B","REGION":"Western"}},{"type":"Feature","id":43558,"geometry":{"type":"Polygon","coordinates":[[[-112.091680232338,33.4333386692579],[-112.091680232338,33.4416720035533],[-112.083346897043,33.4416720035533],[-112.083346897043,33.4333386692579],[-112.091680232338,33.4333386692579]]]},"properties":{"OBJECTID":43558,"CEILING":100,"UNIT":"Feet","MAP_EFF":"8/6/2026","LAST_EDIT":"5/8/2017","LATITUDE":33.43750534,"LONGITUDE":-112.08751356,"APT1_FAAID":"PHX","APT1_ICAO":"KPHX","APT1_NAME":"Phoenix Sky Harbor Intl","APT1_LAANC":1,"AIRSPACE_1":"B","REGION":"Western"}},{"type":"Feature","id":43902,"geometry":{"type":"Polygon","coordinates":[[[-112.091680232338,33.458338674144],[-112.091680232338,33.4666720094393],[-112.083346897043,33.4666720094393],[-112.083346897043,33.458338674144],[-112.091680232338,33.458338674144]]]},"properties":{"OBJECTID":43902,"CEILING":100,"UNIT":"Feet","MAP_EFF":"8/6/2026","LAST_EDIT":"5/8/2017","LATITUDE":33.46250534,"LONGITUDE":-112.08751356,"APT1_FAAID":"PHX","APT1_ICAO":"KPHX","APT1_NAME":"Phoenix Sky Harbor Intl","APT1_LAANC":1,"AIRSPACE_1":"B","REGION":"Western"}},{"type":"Feature","id":45562,"geometry":{"type":"Polygon","coordinates":[[[-111.916680197136,33.5833386985742],[-111.916680197136,33.5916720338695],[-111.90834686184,33.5916720338695],[-111.90834686184,33.5833386985742],[-111.916680197136,33.5833386985742]]]},"properties":{"OBJECTID":45562,"CEILING":100,"UNIT":"Feet","MAP_EFF":"8/6/2026","LAST_EDIT":"5/8/2017","LATITUDE":33.587505369999995,"LONGITUDE":-111.91251353,"APT1_FAAID":"SDL","APT1_ICAO":"KSDL","APT1_NAME":"Scottsdale","APT1_LAANC":1,"AIRSPACE_1":"D","REGION":"Western"}},{"type":"Feature","id":43455,"geometry":{"type":"Polygon","coordinates":[[[-111.975013542203,33.4250053339626],[-111.975013542203,33.4333386692579],[-111.966680206908,33.4333386692579],[-111.966680206908,33.4250053339626],[-111.975013542203,33.4250053339626]]]},"properties":{"OBJECTID":43455,"CEILING":0,"UNIT":"Feet","MAP_EFF":"8/6/2026","LAST_EDIT":"5/8/2017","LATITUDE":33.429172,"LONGITUDE":-111.97084687,"APT1_FAAID":"PHX","APT1_ICAO":"KPHX","APT1_NAME":"Phoenix Sky Harbor Intl","APT1_LAANC":1,"AIRSPACE_1":"B","REGION":"Western"}},{"type":"Feature","id":335886,"geometry":{"type":"Polygon","coordinates":[[[-111.916680197136,33.3500053193044],[-111.916680197136,33.3583386535998],[-111.90834686184,33.3583386535998],[-111.90834686184,33.3500053193044],[-111.916680197136,33.3500053193044]]]},"properties":{"OBJECTID":335886,"CEILING":400,"UNIT":"Feet","MAP_EFF":"8/6/2026","LAST_EDIT":"5/8/2017","LATITUDE":33.354171990000005,"LONGITUDE":-111.91251353,"APT1_FAAID":"PHX","APT1_ICAO":"KPHX","APT1_NAME":"Phoenix Sky Harbor Intl","APT1_LAANC":1,"AIRSPACE_1":"B","REGION":"Western"}},{"type":"Feature","id":42768,"geometry":{"type":"Polygon","coordinates":[[[-111.900013526545,33.3666719888952],[-111.900013526545,33.3750053241905],[-111.89168019225,33.3750053241905],[-111.89168019225,33.3666719888952],[-111.900013526545,33.3666719888952]]]},"properties":{"OBJECTID":42768,"CEILING":400,"UNIT":"Feet","MAP_EFF":"8/6/2026","LAST_EDIT":"5/8/2017","LATITUDE":33.370838660000004,"LONGITUDE":-111.89584685999999,"APT1_FAAID":"PHX","APT1_ICAO":"KPHX","APT1_NAME":"Phoenix Sky Harbor Intl","APT1_LAANC":1,"AIRSPACE_1":"B","REGION":"Western"}},{"type":"Feature","id":43009,"geometry":{"type":"Polygon","coordinates":[[[-112.125013571519,33.3916719937812],[-112.125013571519,33.4000053290765],[-112.116680237224,33.4000053290765],[-112.116680237224,33.3916719937812],[-112.125013571519,33.3916719937812]]]},"properties":{"OBJECTID":43009,"CEILING":200,"UNIT":"Feet","MAP_EFF":"8/6/2026","LAST_EDIT":"5/8/2017","LATITUDE":33.39583866,"LONGITUDE":-112.1208469,"APT1_FAAID":"PHX","APT1_ICAO":"KPHX","APT1_NAME":"Phoenix Sky Harbor Intl","APT1_LAANC":1,"AIRSPACE_1":"B","REGION":"Western"}},{"type":"Feature","id":336181,"geometry":{"type":"Polygon","coordinates":[[[-112.091680232338,33.4916720143253],[-112.091680232338,33.5000053486207],[-112.083346897043,33.5000053486207],[-112.083346897043,33.4916720143253],[-112.091680232338,33.4916720143253]]]},"properties":{"OBJECTID":336181,"CEILING":300,"UNIT":"Feet","MAP_EFF":"8/6/2026","LAST_EDIT":"10/27/2017","LATITUDE":33.495838680000006,"LONGITUDE":-112.08751356,"APT1_FAAID":"PHX","APT1_ICAO":"KPHX","APT1_NAME":"Phoenix Sky Harbor Intl","APT1_LAANC":1,"AIRSPACE_1":"B","REGION":"Western"}},{"type":"Feature","id":43109,"geometry":{"type":"Polygon","coordinates":[[[-112.066680227452,33.4000053290765],[-112.066680227452,33.4083386643719],[-112.058346892157,33.4083386643719],[-112.058346892157,33.4000053290765],[-112.066680227452,33.4000053290765]]]},"properties":{"OBJECTID":43109,"CEILING":100,"UNIT":"Feet","MAP_EFF":"8/6/2026","LAST_EDIT":"5/8/2017","LATITUDE":33.404172,"LONGITUDE":-112.06251356,"APT1_FAAID":"PHX","APT1_ICAO":"KPHX","APT1_NAME":"Phoenix Sky Harbor Intl","APT1_LAANC":1,"AIRSPACE_1":"B","REGION":"Western"}},{"type":"Feature","id":43896,"geometry":{"type":"Polygon","coordinates":[[[-112.150013577406,33.458338674144],[-112.150013577406,33.4666720094393],[-112.14168024211,33.4666720094393],[-112.14168024211,33.458338674144],[-112.150013577406,33.458338674144]]]},"properties":{"OBJECTID":43896,"CEILING":200,"UNIT":"Feet","MAP_EFF":"8/6/2026","LAST_EDIT":"5/8/2017","LATITUDE":33.46250534,"LONGITUDE":-112.14584690999999,"APT1_FAAID":"PHX","APT1_ICAO":"KPHX","APT1_NAME":"Phoenix Sky Harbor Intl","APT1_LAANC":1,"AIRSPACE_1":"B","REGION":"Western"}},{"type":"Feature","id":336035,"geometry":{"type":"Polygon","coordinates":[[[-111.941680202022,33.4250053339626],[-111.941680202022,33.4333386692579],[-111.933346866726,33.4333386692579],[-111.933346866726,33.4250053339626],[-111.941680202022,33.4250053339626]]]},"properties":{"OBJECTID":336035,"CEILING":100,"UNIT":"Feet","MAP_EFF":"8/6/2026","LAST_EDIT":"5/8/2017","LATITUDE":33.429172,"LONGITUDE":-111.93751353,"APT1_FAAID":"PHX","APT1_ICAO":"KPHX","APT1_NAME":"Phoenix Sky Harbor Intl","APT1_LAANC":1,"AIRSPACE_1":"B","REGION":"Western"}},{"type":"Feature","id":44978,"geometry":{"type":"Polygon","coordinates":[[[-111.900013526545,33.5500053593928],[-111.900013526545,33.5583386936881],[-111.89168019225,33.5583386936881],[-111.89168019225,33.5500053593928],[-111.900013526545,33.5500053593928]]]},"properties":{"OBJECTID":44978,"CEILING":300,"UNIT":"Feet","MAP_EFF":"8/6/2026","LAST_EDIT":"5/8/2017","LATITUDE":33.55417203,"LONGITUDE":-111.89584685999999,"APT1_FAAID":"SDL","APT1_ICAO":"KSDL","APT1_NAME":"Scottsdale","APT1_LAANC":1,"AIRSPACE_1":"D","REGION":"Western"}},{"type":"Feature","id":43790,"geometry":{"type":"Polygon","coordinates":[[[-112.150013577406,33.4500053388486],[-112.150013577406,33.458338674144],[-112.14168024211,33.458338674144],[-112.14168024211,33.4500053388486],[-112.150013577406,33.4500053388486]]]},"properties":{"OBJECTID":43790,"CEILING":200,"UNIT":"Feet","MAP_EFF":"8/6/2026","LAST_EDIT":"5/8/2017","LATITUDE":33.454172009999994,"LONGITUDE":-112.14584690999999,"APT1_FAAID":"PHX","APT1_ICAO":"KPHX","APT1_NAME":"Phoenix Sky Harbor Intl","APT1_LAANC":1,"AIRSPACE_1":"B","REGION":"Western"}},{"type":"Feature","id":43458,"geometry":{"type":"Polygon","coordinates":[[[-111.950013537317,33.4250053339626],[-111.950013537317,33.4333386692579],[-111.941680202022,33.4333386692579],[-111.941680202022,33.4250053339626],[-111.950013537317,33.4250053339626]]]},"properties":{"OBJECTID":43458,"CEILING":100,"UNIT":"Feet","MAP_EFF":"8/6/2026","LAST_EDIT":"5/8/2017","LATITUDE":33.429172,"LONGITUDE":-111.94584687000001,"APT1_FAAID":"PHX","APT1_ICAO":"KPHX","APT1_NAME":"Phoenix Sky Harbor Intl","APT1_LAANC":1,"AIRSPACE_1":"B","REGION":"Western"}},{"type":"Feature","id":336055,"geometry":{"type":"Polygon","coordinates":[[[-111.975013542203,33.4333386692579],[-111.975013542203,33.4416720035533],[-111.966680206908,33.4416720035533],[-111.966680206908,33.4333386692579],[-111.975013542203,33.4333386692579]]]},"properties":{"OBJECTID":336055,"CEILING":0,"UNIT":"Feet","MAP_EFF":"8/6/2026","LAST_EDIT":"5/8/2017","LATITUDE":33.43750534,"LONGITUDE":-111.97084687,"APT1_FAAID":"PHX","APT1_ICAO":"KPHX","APT1_NAME":"Phoenix Sky Harbor Intl","APT1_LAANC":1,"AIRSPACE_1":"B","REGION":"Western"}},{"type":"Feature","id":44217,"geometry":{"type":"Polygon","coordinates":[[[-111.925013532431,33.48333867903],[-111.925013532431,33.4916720143253],[-111.916680197136,33.4916720143253],[-111.916680197136,33.48333867903],[-111.925013532431,33.48333867903]]]},"properties":{"OBJECTID":44217,"CEILING":300,"UNIT":"Feet","MAP_EFF":"8/6/2026","LAST_EDIT":"10/27/2017","LATITUDE":33.48750535,"LONGITUDE":-111.92084686,"APT1_FAAID":"PHX","APT1_ICAO":"KPHX","APT1_NAME":"Phoenix Sky Harbor Intl","APT1_LAANC":1,"AIRSPACE_1":"B","REGION":"Western"}},{"type":"Feature","id":43696,"geometry":{"type":"Polygon","coordinates":[[[-111.966680206908,33.4416720035533],[-111.966680206908,33.4500053388486],[-111.958346871612,33.4500053388486],[-111.958346871612,33.4416720035533],[-111.966680206908,33.4416720035533]]]},"properties":{"OBJECTID":43696,"CEILING":0,"UNIT":"Feet","MAP_EFF":"8/6/2026","LAST_EDIT":"5/8/2017","LATITUDE":33.44583867,"LONGITUDE":-111.96251354,"APT1_FAAID":"PHX","APT1_ICAO":"KPHX","APT1_NAME":"Phoenix Sky Harbor Intl","APT1_LAANC":1,"AIRSPACE_1":"B","REGION":"Western"}},{"type":"Feature","id":43813,"geometry":{"type":"Polygon","coordinates":[[[-111.925013532431,33.4500053388486],[-111.925013532431,33.458338674144],[-111.916680197136,33.458338674144],[-111.916680197136,33.4500053388486],[-111.925013532431,33.4500053388486]]]},"properties":{"OBJECTID":43813,"CEILING":100,"UNIT":"Feet","MAP_EFF":"8/6/2026","LAST_EDIT":"10/27/2017","LATITUDE":33.454172009999994,"LONGITUDE":-111.92084686,"APT1_FAAID":"PHX","APT1_ICAO":"KPHX","APT1_NAME":"Phoenix Sky Harbor Intl","APT1_LAANC":1,"AIRSPACE_1":"B","REGION":"Western"}},{"type":"Feature","id":336175,"geometry":{"type":"Polygon","coordinates":[[[-112.125013571519,33.4916720143253],[-112.125013571519,33.5000053486207],[-112.116680237224,33.5000053486207],[-112.116680237224,33.4916720143253],[-112.125013571519,33.4916720143253]]]},"properties":{"OBJECTID":336175,"CEILING":300,"UNIT":"Feet","MAP_EFF":"8/6/2026","LAST_EDIT":"10/27/2017","LATITUDE":33.495838680000006,"LONGITUDE":-112.1208469,"APT1_FAAID":"PHX","APT1_ICAO":"KPHX","APT1_NAME":"Phoenix Sky Harbor Intl","APT1_LAANC":1,"AIRSPACE_1":"B","REGION":"Western"}},{"type":"Feature","id":43435,"geometry":{"type":"Polygon","coordinates":[[[-112.100013566633,33.4250053339626],[-112.100013566633,33.4333386692579],[-112.091680232338,33.4333386692579],[-112.091680232338,33.4250053339626],[-112.100013566633,33.4250053339626]]]},"properties":{"OBJECTID":43435,"CEILING":100,"UNIT":"Feet","MAP_EFF":"8/6/2026","LAST_EDIT":"5/8/2017","LATITUDE":33.429172,"LONGITUDE":-112.0958469,"APT1_FAAID":"PHX","APT1_ICAO":"KPHX","APT1_NAME":"Phoenix Sky Harbor Intl","APT1_LAANC":1,"AIRSPACE_1":"B","REGION":"Western"}},{"type":"Feature","id":43100,"geometry":{"type":"Polygon","coordinates":[[[-112.150013577406,33.4000053290765],[-112.150013577406,33.4083386643719],[-112.14168024211,33.4083386643719],[-112.14168024211,33.4000053290765],[-112.150013577406,33.4000053290765]]]},"properties":{"OBJECTID":43100,"CEILING":200,"UNIT":"Feet","MAP_EFF":"8/6/2026","LAST_EDIT":"5/8/2017","LATITUDE":33.404172,"LONGITUDE":-112.14584690999999,"APT1_FAAID":"PHX","APT1_ICAO":"KPHX","APT1_NAME":"Phoenix Sky Harbor Intl","APT1_LAANC":1,"AIRSPACE_1":"B","REGION":"Western"}},{"type":"Feature","id":43905,"geometry":{"type":"Polygon","coordinates":[[[-112.058346892157,33.458338674144],[-112.058346892157,33.4666720094393],[-112.050013556861,33.4666720094393],[-112.050013556861,33.458338674144],[-112.058346892157,33.458338674144]]]},"properties":{"OBJECTID":43905,"CEILING":100,"UNIT":"Feet","MAP_EFF":"8/6/2026","LAST_EDIT":"5/8/2017","LATITUDE":33.46250534,"LONGITUDE":-112.05418022,"APT1_FAAID":"PHX","APT1_ICAO":"KPHX","APT1_NAME":"Phoenix Sky Harbor Intl","APT1_LAANC":1,"AIRSPACE_1":"B","REGION":"Western"}},{"type":"Feature","id":336075,"geometry":{"type":"Polygon","coordinates":[[[-111.925013532431,33.4416720035533],[-111.925013532431,33.4500053388486],[-111.916680197136,33.4500053388486],[-111.916680197136,33.4416720035533],[-111.925013532431,33.4416720035533]]]},"properties":{"OBJECTID":336075,"CEILING":100,"UNIT":"Feet","MAP_EFF":"8/6/2026","LAST_EDIT":"10/27/2017","LATITUDE":33.44583867,"LONGITUDE":-111.92084686,"APT1_FAAID":"PHX","APT1_ICAO":"KPHX","APT1_NAME":"Phoenix Sky Harbor Intl","APT1_LAANC":1,"AIRSPACE_1":"B","REGION":"Western"}},{"type":"Feature","id":44005,"geometry":{"type":"Polygon","coordinates":[[[-112.133346906815,33.4666720094393],[-112.133346906815,33.4750053437347],[-112.125013571519,33.4750053437347],[-112.125013571519,33.4666720094393],[-112.133346906815,33.4666720094393]]]},"properties":{"OBJECTID":44005,"CEILING":300,"UNIT":"Feet","MAP_EFF":"8/6/2026","LAST_EDIT":"10/27/2017","LATITUDE":33.47083868,"LONGITUDE":-112.12918024,"APT1_FAAID":"PHX","APT1_ICAO":"KPHX","APT1_NAME":"Phoenix Sky Harbor Intl","APT1_LAANC":1,"AIRSPACE_1":"B","REGION":"Western"}},{"type":"Feature","id":43341,"geometry":{"type":"Polygon","coordinates":[[[-111.900013526545,33.4166719986673],[-111.900013526545,33.4250053339626],[-111.89168019225,33.4250053339626],[-111.89168019225,33.4166719986673],[-111.900013526545,33.4166719986673]]]},"properties":{"OBJECTID":43341,"CEILING":100,"UNIT":"Feet","MAP_EFF":"8/6/2026","LAST_EDIT":"10/27/2017","LATITUDE":33.42083867,"LONGITUDE":-111.89584685999999,"APT1_FAAID":"PHX","APT1_ICAO":"KPHX","APT1_NAME":"Phoenix Sky Harbor Intl","APT1_LAANC":1,"AIRSPACE_1":"B","REGION":"Western"}},{"type":"Feature","id":44211,"geometry":{"type":"Polygon","coordinates":[[[-112.108346901929,33.48333867903],[-112.108346901929,33.4916720143253],[-112.100013566633,33.4916720143253],[-112.100013566633,33.48333867903],[-112.108346901929,33.48333867903]]]},"properties":{"OBJECTID":44211,"CEILING":300,"UNIT":"Feet","MAP_EFF":"8/6/2026","LAST_EDIT":"10/27/2017","LATITUDE":33.48750535,"LONGITUDE":-112.10418023,"APT1_FAAID":"PHX","APT1_ICAO":"KPHX","APT1_NAME":"Phoenix Sky Harbor Intl","APT1_LAANC":1,"AIRSPACE_1":"B","REGION":"Western"}},{"type":"Feature","id":42694,"geometry":{"type":"Polygon","coordinates":[[[-112.108346901929,33.3583386535998],[-112.108346901929,33.3666719888952],[-112.100013566633,33.3666719888952],[-112.100013566633,33.3583386535998],[-112.108346901929,33.3583386535998]]]},"properties":{"OBJECTID":42694,"CEILING":400,"UNIT":"Feet","MAP_EFF":"8/6/2026","LAST_EDIT":"5/8/2017","LATITUDE":33.36250532,"LONGITUDE":-112.10418023,"APT1_FAAID":"PHX","APT1_ICAO":"KPHX","APT1_NAME":"Phoenix Sky Harbor Intl","APT1_LAANC":1,"AIRSPACE_1":"B","REGION":"Western"}},{"type":"Feature","id":44317,"geometry":{"type":"Polygon","coordinates":[[[-112.150013577406,33.4916720143253],[-112.150013577406,33.5000053486207],[-112.14168024211,33.5000053486207],[-112.14168024211,33.4916720143253],[-112.150013577406,33.4916720143253]]]},"properties":{"OBJECTID":44317,"CEILING":300,"UNIT":"Feet","MAP_EFF":"8/6/2026","LAST_EDIT":"10/27/2017","LATITUDE":33.495838680000006,"LONGITUDE":-112.14584690999999,"APT1_FAAID":"PHX","APT1_ICAO":"KPHX","APT1_NAME":"Phoenix Sky Harbor Intl","APT1_LAANC":1,"AIRSPACE_1":"B","REGION":"Western"}},{"type":"Feature","id":43335,"geometry":{"type":"Polygon","coordinates":[[[-111.966680206908,33.4166719986673],[-111.966680206908,33.4250053339626],[-111.958346871612,33.4250053339626],[-111.958346871612,33.4166719986673],[-111.966680206908,33.4166719986673]]]},"properties":{"OBJECTID":43335,"CEILING":0,"UNIT":"Feet","MAP_EFF":"8/6/2026","LAST_EDIT":"5/8/2017","LATITUDE":33.42083867,"LONGITUDE":-111.96251354,"APT1_FAAID":"PHX","APT1_ICAO":"KPHX","APT1_NAME":"Phoenix Sky Harbor Intl","APT1_LAANC":1,"AIRSPACE_1":"B","REGION":"Western"}},{"type":"Feature","id":45244,"geometry":{"type":"Polygon","coordinates":[[[-111.941680202022,33.5666720289835],[-111.941680202022,33.5750053642788],[-111.933346866726,33.5750053642788],[-111.933346866726,33.5666720289835],[-111.941680202022,33.5666720289835]]]},"properties":{"OBJECTID":45244,"CEILING":200,"UNIT":"Feet","MAP_EFF":"8/6/2026","LAST_EDIT":"5/8/2017","LATITUDE":33.570838699999996,"LONGITUDE":-111.93751353,"APT1_FAAID":"SDL","APT1_ICAO":"KSDL","APT1_NAME":"Scottsdale","APT1_LAANC":1,"AIRSPACE_1":"D","REGION":"Western"}},{"type":"Feature","id":43584,"geometry":{"type":"Polygon","coordinates":[[[-111.900013526545,33.4333386692579],[-111.900013526545,33.4416720035533],[-111.89168019225,33.4416720035533],[-111.89168019225,33.4333386692579],[-111.900013526545,33.4333386692579]]]},"properties":{"OBJECTID":43584,"CEILING":100,"UNIT":"Feet","MAP_EFF":"8/6/2026","LAST_EDIT":"10/27/2017","LATITUDE":33.43750534,"LONGITUDE":-111.89584685999999,"APT1_FAAID":"PHX","APT1_ICAO":"KPHX","APT1_NAME":"Phoenix Sky Harbor Intl","APT1_LAANC":1,"AIRSPACE_1":"B","REGION":"Western"}},{"type":"Feature","id":43925,"geometry":{"type":"Polygon","coordinates":[[[-111.900013526545,33.458338674144],[-111.900013526545,33.4666720094393],[-111.89168019225,33.4666720094393],[-111.89168019225,33.458338674144],[-111.900013526545,33.458338674144]]]},"properties":{"OBJECTID":43925,"CEILING":100,"UNIT":"Feet","MAP_EFF":"8/6/2026","LAST_EDIT":"10/27/2017","LATITUDE":33.46250534,"LONGITUDE":-111.89584685999999,"APT1_FAAID":"PHX","APT1_ICAO":"KPHX","APT1_NAME":"Phoenix Sky Harbor Intl","APT1_LAANC":1,"AIRSPACE_1":"B","REGION":"Western"}},{"type":"Feature","id":335955,"geometry":{"type":"Polygon","coordinates":[[[-112.14168024211,33.3916719937812],[-112.14168024211,33.4000053290765],[-112.133346906815,33.4000053290765],[-112.133346906815,33.3916719937812],[-112.14168024211,33.3916719937812]]]},"properties":{"OBJECTID":335955,"CEILING":200,"UNIT":"Feet","MAP_EFF":"8/6/2026","LAST_EDIT":"5/8/2017","LATITUDE":33.39583866,"LONGITUDE":-112.13751357,"APT1_FAAID":"PHX","APT1_ICAO":"KPHX","APT1_NAME":"Phoenix Sky Harbor Intl","APT1_LAANC":1,"AIRSPACE_1":"B","REGION":"Western"}},{"type":"Feature","id":43570,"geometry":{"type":"Polygon","coordinates":[[[-112.033346887271,33.4333386692579],[-112.033346887271,33.4416720035533],[-112.025013551975,33.4416720035533],[-112.025013551975,33.4333386692579],[-112.033346887271,33.4333386692579]]]},"properties":{"OBJECTID":43570,"CEILING":0,"UNIT":"Feet","MAP_EFF":"8/6/2026","LAST_EDIT":"5/8/2017","LATITUDE":33.43750534,"LONGITUDE":-112.02918022,"APT1_FAAID":"PHX","APT1_ICAO":"KPHX","APT1_NAME":"Phoenix Sky Harbor Intl","APT1_LAANC":0,"AIRSPACE_1":"B","REGION":"Western"}},{"type":"Feature","id":45393,"geometry":{"type":"Polygon","coordinates":[[[-111.950013537317,33.5750053642788],[-111.950013537317,33.5833386985742],[-111.941680202022,33.5833386985742],[-111.941680202022,33.5750053642788],[-111.950013537317,33.5750053642788]]]},"properties":{"OBJECTID":45393,"CEILING":200,"UNIT":"Feet","MAP_EFF":"8/6/2026","LAST_EDIT":"5/8/2017","LATITUDE":33.579172029999995,"LONGITUDE":-111.94584687000001,"APT1_FAAID":"SDL","APT1_ICAO":"KSDL","APT1_NAME":"Scottsdale","APT1_LAANC":1,"AIRSPACE_1":"D","REGION":"Western"}},{"type":"Feature","id":45399,"geometry":{"type":"Polygon","coordinates":[[[-111.900013526545,33.5750053642788],[-111.900013526545,33.5833386985742],[-111.89168019225,33.5833386985742],[-111.89168019225,33.5750053642788],[-111.900013526545,33.5750053642788]]]},"properties":{"OBJECTID":45399,"CEILING":200,"UNIT":"Feet","MAP_EFF":"8/6/2026","LAST_EDIT":"5/8/2017","LATITUDE":33.579172029999995,"LONGITUDE":-111.89584685999999,"APT1_FAAID":"SDL","APT1_ICAO":"KSDL","APT1_NAME":"Scottsdale","APT1_LAANC":1,"AIRSPACE_1":"D","REGION":"Western"}},{"type":"Feature","id":43329,"geometry":{"type":"Polygon","coordinates":[[[-112.025013551975,33.4166719986673],[-112.025013551975,33.4250053339626],[-112.01668021668,33.4250053339626],[-112.01668021668,33.4166719986673],[-112.025013551975,33.4166719986673]]]},"properties":{"OBJECTID":43329,"CEILING":0,"UNIT":"Feet","MAP_EFF":"8/6/2026","LAST_EDIT":"5/8/2017","LATITUDE":33.42083867,"LONGITUDE":-112.02084688,"APT1_FAAID":"PHX","APT1_ICAO":"KPHX","APT1_NAME":"Phoenix Sky Harbor Intl","APT1_LAANC":1,"AIRSPACE_1":"B","REGION":"Western"}},{"type":"Feature","id":42837,"geometry":{"type":"Polygon","coordinates":[[[-111.950013537317,33.3750053241905],[-111.950013537317,33.3833386594858],[-111.941680202022,33.3833386594858],[-111.941680202022,33.3750053241905],[-111.950013537317,33.3750053241905]]]},"properties":{"OBJECTID":42837,"CEILING":400,"UNIT":"Feet","MAP_EFF":"8/6/2026","LAST_EDIT":"5/8/2017","LATITUDE":33.37917199,"LONGITUDE":-111.94584687000001,"APT1_FAAID":"PHX","APT1_ICAO":"KPHX","APT1_NAME":"Phoenix Sky Harbor Intl","APT1_LAANC":1,"AIRSPACE_1":"B","REGION":"Western"}},{"type":"Feature","id":336012,"geometry":{"type":"Polygon","coordinates":[[[-112.000013547089,33.4166719986673],[-112.000013547089,33.4250053339626],[-111.991680211794,33.4250053339626],[-111.991680211794,33.4166719986673],[-112.000013547089,33.4166719986673]]]},"properties":{"OBJECTID":336012,"CEILING":0,"UNIT":"Feet","MAP_EFF":"8/6/2026","LAST_EDIT":"5/8/2017","LATITUDE":33.42083867,"LONGITUDE":-111.99584688,"APT1_FAAID":"PHX","APT1_ICAO":"KPHX","APT1_NAME":"Phoenix Sky Harbor Intl","APT1_LAANC":1,"AIRSPACE_1":"B","REGION":"Western"}},{"type":"Feature","id":43676,"geometry":{"type":"Polygon","coordinates":[[[-112.108346901929,33.4416720035533],[-112.108346901929,33.4500053388486],[-112.100013566633,33.4500053388486],[-112.100013566633,33.4416720035533],[-112.108346901929,33.4416720035533]]]},"properties":{"OBJECTID":43676,"CEILING":100,"UNIT":"Feet","MAP_EFF":"8/6/2026","LAST_EDIT":"5/8/2017","LATITUDE":33.44583867,"LONGITUDE":-112.10418023,"APT1_FAAID":"PHX","APT1_ICAO":"KPHX","APT1_NAME":"Phoenix Sky Harbor Intl","APT1_LAANC":1,"AIRSPACE_1":"B","REGION":"Western"}},{"type":"Feature","id":43578,"geometry":{"type":"Polygon","coordinates":[[[-111.958346871612,33.4333386692579],[-111.958346871612,33.4416720035533],[-111.950013537317,33.4416720035533],[-111.950013537317,33.4333386692579],[-111.958346871612,33.4333386692579]]]},"properties":{"OBJECTID":43578,"CEILING":0,"UNIT":"Feet","MAP_EFF":"8/6/2026","LAST_EDIT":"5/8/2017","LATITUDE":33.43750534,"LONGITUDE":-111.9541802,"APT1_FAAID":"PHX","APT1_ICAO":"KPHX","APT1_NAME":"Phoenix Sky Harbor Intl","APT1_LAANC":1,"AIRSPACE_1":"B","REGION":"Western"}},{"type":"Feature","id":43919,"geometry":{"type":"Polygon","coordinates":[[[-111.958346871612,33.458338674144],[-111.958346871612,33.4666720094393],[-111.950013537317,33.4666720094393],[-111.950013537317,33.458338674144],[-111.958346871612,33.458338674144]]]},"properties":{"OBJECTID":43919,"CEILING":100,"UNIT":"Feet","MAP_EFF":"8/6/2026","LAST_EDIT":"5/8/2017","LATITUDE":33.46250534,"LONGITUDE":-111.9541802,"APT1_FAAID":"PHX","APT1_ICAO":"KPHX","APT1_NAME":"Phoenix Sky Harbor Intl","APT1_LAANC":1,"AIRSPACE_1":"B","REGION":"Western"}},{"type":"Feature","id":45742,"geometry":{"type":"Polygon","coordinates":[[[-111.950013537317,33.5916720338695],[-111.950013537317,33.6000053691649],[-111.941680202022,33.6000053691649],[-111.941680202022,33.5916720338695],[-111.950013537317,33.5916720338695]]]},"properties":{"OBJECTID":45742,"CEILING":100,"UNIT":"Feet","MAP_EFF":"8/6/2026","LAST_EDIT":"5/8/2017","LATITUDE":33.595838699999995,"LONGITUDE":-111.94584687000001,"APT1_FAAID":"SDL","APT1_ICAO":"KSDL","APT1_NAME":"Scottsdale","APT1_LAANC":1,"AIRSPACE_1":"D","REGION":"Western"}},{"type":"Feature","id":126349,"geometry":{"type":"Polygon","coordinates":[[[-112.166680246996,33.3833386594858],[-112.166680246996,33.3916719937812],[-112.158346911701,33.3916719937812],[-112.158346911701,33.3833386594858],[-112.166680246996,33.3833386594858]]]},"properties":{"OBJECTID":126349,"CEILING":400,"UNIT":"Feet","MAP_EFF":"8/6/2026","LAST_EDIT":"8/17/2026","LATITUDE":33.38750533,"LONGITUDE":-112.16251358,"APT1_FAAID":"PHX","APT1_ICAO":"KPHX","APT1_NAME":"Phoenix Sky Harbor Intl","APT1_LAANC":1,"AIRSPACE_1":"B","REGION":"Western"}},{"type":"Feature","id":44019,"geometry":{"type":"Polygon","coordinates":[[[-111.925013532431,33.4666720094393],[-111.925013532431,33.4750053437347],[-111.916680197136,33.4750053437347],[-111.916680197136,33.4666720094393],[-111.925013532431,33.4666720094393]]]},"properties":{"OBJECTID":44019,"CEILING":300,"UNIT":"Feet","MAP_EFF":"8/6/2026","LAST_EDIT":"10/27/2017","LATITUDE":33.47083868,"LONGITUDE":-111.92084686,"APT1_FAAID":"PHX","APT1_ICAO":"KPHX","APT1_NAME":"Phoenix Sky Harbor Intl","APT1_LAANC":1,"AIRSPACE_1":"B","REGION":"Western"}},{"type":"Feature","id":45101,"geometry":{"type":"Polygon","coordinates":[[[-111.925013532431,33.5583386936881],[-111.925013532431,33.5666720289835],[-111.916680197136,33.5666720289835],[-111.916680197136,33.5583386936881],[-111.925013532431,33.5583386936881]]]},"properties":{"OBJECTID":45101,"CEILING":300,"UNIT":"Feet","MAP_EFF":"8/6/2026","LAST_EDIT":"5/8/2017","LATITUDE":33.56250536,"LONGITUDE":-111.92084686,"APT1_FAAID":"SDL","APT1_ICAO":"KSDL","APT1_NAME":"Scottsdale","APT1_LAANC":1,"AIRSPACE_1":"D","REGION":"Western"}},{"type":"Feature","id":43897,"geometry":{"type":"Polygon","coordinates":[[[-112.133346906815,33.458338674144],[-112.133346906815,33.4666720094393],[-112.125013571519,33.4666720094393],[-112.125013571519,33.458338674144],[-112.133346906815,33.458338674144]]]},"properties":{"OBJECTID":43897,"CEILING":200,"UNIT":"Feet","MAP_EFF":"8/6/2026","LAST_EDIT":"5/8/2017","LATITUDE":33.46250534,"LONGITUDE":-112.12918024,"APT1_FAAID":"PHX","APT1_ICAO":"KPHX","APT1_NAME":"Phoenix Sky Harbor Intl","APT1_LAANC":1,"AIRSPACE_1":"B","REGION":"Western"}},{"type":"Feature","id":45557,"geometry":{"type":"Polygon","coordinates":[[[-111.958346871612,33.5833386985742],[-111.958346871612,33.5916720338695],[-111.950013537317,33.5916720338695],[-111.950013537317,33.5833386985742],[-111.958346871612,33.5833386985742]]]},"properties":{"OBJECTID":45557,"CEILING":200,"UNIT":"Feet","MAP_EFF":"8/6/2026","LAST_EDIT":"5/8/2017","LATITUDE":33.587505369999995,"LONGITUDE":-111.9541802,"APT1_FAAID":"SDL","APT1_ICAO":"KSDL","APT1_NAME":"Scottsdale","APT1_LAANC":1,"AIRSPACE_1":"D","REGION":"Western"}},{"type":"Feature","id":43210,"geometry":{"type":"Polygon","coordinates":[[[-112.058346892157,33.4083386643719],[-112.058346892157,33.4166719986673],[-112.050013556861,33.4166719986673],[-112.050013556861,33.4083386643719],[-112.058346892157,33.4083386643719]]]},"properties":{"OBJECTID":43210,"CEILING":100,"UNIT":"Feet","MAP_EFF":"8/6/2026","LAST_EDIT":"5/8/2017","LATITUDE":33.41250533,"LONGITUDE":-112.05418022,"APT1_FAAID":"PHX","APT1_ICAO":"KPHX","APT1_NAME":"Phoenix Sky Harbor Intl","APT1_LAANC":1,"AIRSPACE_1":"B","REGION":"Western"}},{"type":"Feature","id":43327,"geometry":{"type":"Polygon","coordinates":[[[-112.041680221566,33.4166719986673],[-112.041680221566,33.4250053339626],[-112.033346887271,33.4250053339626],[-112.033346887271,33.4166719986673],[-112.041680221566,33.4166719986673]]]},"properties":{"OBJECTID":43327,"CEILING":0,"UNIT":"Feet","MAP_EFF":"8/6/2026","LAST_EDIT":"5/8/2017","LATITUDE":33.42083867,"LONGITUDE":-112.03751355,"APT1_FAAID":"PHX","APT1_ICAO":"KPHX","APT1_NAME":"Phoenix Sky Harbor Intl","APT1_LAANC":1,"AIRSPACE_1":"B","REGION":"Western"}},{"type":"Feature","id":44206,"geometry":{"type":"Polygon","coordinates":[[[-112.158346911701,33.48333867903],[-112.158346911701,33.4916720143253],[-112.150013577406,33.4916720143253],[-112.150013577406,33.48333867903],[-112.158346911701,33.48333867903]]]},"properties":{"OBJECTID":44206,"CEILING":300,"UNIT":"Feet","MAP_EFF":"8/6/2026","LAST_EDIT":"10/27/2017","LATITUDE":33.48750535,"LONGITUDE":-112.15418024,"APT1_FAAID":"PHX","APT1_ICAO":"KPHX","APT1_NAME":"Phoenix Sky Harbor Intl","APT1_LAANC":1,"AIRSPACE_1":"B","REGION":"Western"}},{"type":"Feature","id":43018,"geometry":{"type":"Polygon","coordinates":[[[-111.958346871612,33.3916719937812],[-111.958346871612,33.4000053290765],[-111.950013537317,33.4000053290765],[-111.950013537317,33.3916719937812],[-111.958346871612,33.3916719937812]]]},"properties":{"OBJECTID":43018,"CEILING":100,"UNIT":"Feet","MAP_EFF":"8/6/2026","LAST_EDIT":"10/27/2017","LATITUDE":33.39583866,"LONGITUDE":-111.9541802,"APT1_FAAID":"PHX","APT1_ICAO":"KPHX","APT1_NAME":"Phoenix Sky Harbor Intl","APT1_LAANC":1,"AIRSPACE_1":"B","REGION":"Western"}},{"type":"Feature","id":43682,"geometry":{"type":"Polygon","coordinates":[[[-112.050013556861,33.4416720035533],[-112.050013556861,33.4500053388486],[-112.041680221566,33.4500053388486],[-112.041680221566,33.4416720035533],[-112.050013556861,33.4416720035533]]]},"properties":{"OBJECTID":43682,"CEILING":0,"UNIT":"Feet","MAP_EFF":"8/6/2026","LAST_EDIT":"5/8/2017","LATITUDE":33.44583867,"LONGITUDE":-112.04584688999999,"APT1_FAAID":"PHX","APT1_ICAO":"KPHX","APT1_NAME":"Phoenix Sky Harbor Intl","APT1_LAANC":1,"AIRSPACE_1":"B","REGION":"Western"}},{"type":"Feature","id":44014,"geometry":{"type":"Polygon","coordinates":[[[-112.050013556861,33.4666720094393],[-112.050013556861,33.4750053437347],[-112.041680221566,33.4750053437347],[-112.041680221566,33.4666720094393],[-112.050013556861,33.4666720094393]]]},"properties":{"OBJECTID":44014,"CEILING":100,"UNIT":"Feet","MAP_EFF":"8/6/2026","LAST_EDIT":"5/8/2017","LATITUDE":33.47083868,"LONGITUDE":-112.04584688999999,"APT1_FAAID":"PHX","APT1_ICAO":"KPHX","APT1_NAME":"Phoenix Sky Harbor Intl","APT1_LAANC":1,"AIRSPACE_1":"B","REGION":"Western"}},{"type":"Feature","id":42832,"geometry":{"type":"Polygon","coordinates":[[[-112.125013571519,33.3750053241905],[-112.125013571519,33.3833386594858],[-112.116680237224,33.3833386594858],[-112.116680237224,33.3750053241905],[-112.125013571519,33.3750053241905]]]},"properties":{"OBJECTID":42832,"CEILING":400,"UNIT":"Feet","MAP_EFF":"8/6/2026","LAST_EDIT":"5/8/2017","LATITUDE":33.37917199,"LONGITUDE":-112.1208469,"APT1_FAAID":"PHX","APT1_ICAO":"KPHX","APT1_NAME":"Phoenix Sky Harbor Intl","APT1_LAANC":1,"AIRSPACE_1":"B","REGION":"Western"}},{"type":"Feature","id":336090,"geometry":{"type":"Polygon","coordinates":[[[-112.075013561747,33.4500053388486],[-112.075013561747,33.458338674144],[-112.066680227452,33.458338674144],[-112.066680227452,33.4500053388486],[-112.075013561747,33.4500053388486]]]},"properties":{"OBJECTID":336090,"CEILING":100,"UNIT":"Feet","MAP_EFF":"8/6/2026","LAST_EDIT":"5/8/2017","LATITUDE":33.454172009999994,"LONGITUDE":-112.07084689,"APT1_FAAID":"PHX","APT1_ICAO":"KPHX","APT1_NAME":"Phoenix Sky Harbor Intl","APT1_LAANC":1,"AIRSPACE_1":"B","REGION":"Western"}},{"type":"Feature","id":43805,"geometry":{"type":"Polygon","coordinates":[[[-112.000013547089,33.4500053388486],[-112.000013547089,33.458338674144],[-111.991680211794,33.458338674144],[-111.991680211794,33.4500053388486],[-112.000013547089,33.4500053388486]]]},"properties":{"OBJECTID":43805,"CEILING":100,"UNIT":"Feet","MAP_EFF":"8/6/2026","LAST_EDIT":"5/8/2017","LATITUDE":33.454172009999994,"LONGITUDE":-111.99584688,"APT1_FAAID":"PHX","APT1_ICAO":"KPHX","APT1_NAME":"Phoenix Sky Harbor Intl","APT1_LAANC":1,"AIRSPACE_1":"B","REGION":"Western"}},{"type":"Feature","id":336142,"geometry":{"type":"Polygon","coordinates":[[[-112.108346901929,33.4750053437347],[-112.108346901929,33.48333867903],[-112.100013566633,33.48333867903],[-112.100013566633,33.4750053437347],[-112.108346901929,33.4750053437347]]]},"properties":{"OBJECTID":336142,"CEILING":300,"UNIT":"Feet","MAP_EFF":"8/6/2026","LAST_EDIT":"10/27/2017","LATITUDE":33.47917201,"LONGITUDE":-112.10418023,"APT1_FAAID":"PHX","APT1_ICAO":"KPHX","APT1_NAME":"Phoenix Sky Harbor Intl","APT1_LAANC":1,"AIRSPACE_1":"B","REGION":"Western"}},{"type":"Feature","id":43118,"geometry":{"type":"Polygon","coordinates":[[[-111.916680197136,33.4000053290765],[-111.916680197136,33.4083386643719],[-111.90834686184,33.4083386643719],[-111.90834686184,33.4000053290765],[-111.916680197136,33.4000053290765]]]},"properties":{"OBJECTID":43118,"CEILING":100,"UNIT":"Feet","MAP_EFF":"8/6/2026","LAST_EDIT":"10/27/2017","LATITUDE":33.404172,"LONGITUDE":-111.91251353,"APT1_FAAID":"PHX","APT1_ICAO":"KPHX","APT1_NAME":"Phoenix Sky Harbor Intl","APT1_LAANC":1,"AIRSPACE_1":"B","REGION":"Western"}},{"type":"Feature","id":43688,"geometry":{"type":"Polygon","coordinates":[[[-112.041680221566,33.4416720035533],[-112.041680221566,33.4500053388486],[-112.033346887271,33.4500053388486],[-112.033346887271,33.4416720035533],[-112.041680221566,33.4416720035533]]]},"properties":{"OBJECTID":43688,"CEILING":0,"UNIT":"Feet","MAP_EFF":"8/6/2026","LAST_EDIT":"5/8/2017","LATITUDE":33.44583867,"LONGITUDE":-112.03751355,"APT1_FAAID":"PHX","APT1_ICAO":"KPHX","APT1_NAME":"Phoenix Sky Harbor Intl","APT1_LAANC":1,"AIRSPACE_1":"B","REGION":"Western"}},{"type":"Feature","id":44106,"geometry":{"type":"Polygon","coordinates":[[[-112.133346906815,33.4750053437347],[-112.133346906815,33.48333867903],[-112.125013571519,33.48333867903],[-112.125013571519,33.4750053437347],[-112.133346906815,33.4750053437347]]]},"properties":{"OBJECTID":44106,"CEILING":300,"UNIT":"Feet","MAP_EFF":"8/6/2026","LAST_EDIT":"10/27/2017","LATITUDE":33.47917201,"LONGITUDE":-112.12918024,"APT1_FAAID":"PHX","APT1_ICAO":"KPHX","APT1_NAME":"Phoenix Sky Harbor Intl","APT1_LAANC":1,"AIRSPACE_1":"B","REGION":"Western"}},{"type":"Feature","id":335973,"geometry":{"type":"Polygon","coordinates":[[[-112.058346892157,33.4000053290765],[-112.058346892157,33.4083386643719],[-112.050013556861,33.4083386643719],[-112.050013556861,33.4000053290765],[-112.058346892157,33.4000053290765]]]},"properties":{"OBJECTID":335973,"CEILING":100,"UNIT":"Feet","MAP_EFF":"8/6/2026","LAST_EDIT":"5/8/2017","LATITUDE":33.404172,"LONGITUDE":-112.05418022,"APT1_FAAID":"PHX","APT1_ICAO":"KPHX","APT1_NAME":"Phoenix Sky Harbor Intl","APT1_LAANC":1,"AIRSPACE_1":"B","REGION":"Western"}},{"type":"Feature","id":335990,"geometry":{"type":"Polygon","coordinates":[[[-112.108346901929,33.4083386643719],[-112.108346901929,33.4166719986673],[-112.100013566633,33.4166719986673],[-112.100013566633,33.4083386643719],[-112.108346901929,33.4083386643719]]]},"properties":{"OBJECTID":335990,"CEILING":100,"UNIT":"Feet","MAP_EFF":"8/6/2026","LAST_EDIT":"5/8/2017","LATITUDE":33.41250533,"LONGITUDE":-112.10418023,"APT1_FAAID":"PHX","APT1_ICAO":"KPHX","APT1_NAME":"Phoenix Sky Harbor Intl","APT1_LAANC":1,"AIRSPACE_1":"B","REGION":"Western"}},{"type":"Feature","id":43310,"geometry":{"type":"Polygon","coordinates":[[[-112.14168024211,33.4166719986673],[-112.14168024211,33.4250053339626],[-112.133346906815,33.4250053339626],[-112.133346906815,33.4166719986673],[-112.14168024211,33.4166719986673]]]},"properties":{"OBJECTID":43310,"CEILING":200,"UNIT":"Feet","MAP_EFF":"8/6/2026","LAST_EDIT":"5/8/2017","LATITUDE":33.42083867,"LONGITUDE":-112.13751357,"APT1_FAAID":"PHX","APT1_ICAO":"KPHX","APT1_NAME":"Phoenix Sky Harbor Intl","APT1_LAANC":1,"AIRSPACE_1":"B","REGION":"Western"}},{"type":"Feature","id":43559,"geometry":{"type":"Polygon","coordinates":[[[-112.083346897043,33.4333386692579],[-112.083346897043,33.4416720035533],[-112.075013561747,33.4416720035533],[-112.075013561747,33.4333386692579],[-112.083346897043,33.4333386692579]]]},"properties":{"OBJECTID":43559,"CEILING":100,"UNIT":"Feet","MAP_EFF":"8/6/2026","LAST_EDIT":"5/8/2017","LATITUDE":33.43750534,"LONGITUDE":-112.07918022999999,"APT1_FAAID":"PHX","APT1_ICAO":"KPHX","APT1_NAME":"Phoenix Sky Harbor Intl","APT1_LAANC":1,"AIRSPACE_1":"B","REGION":"Western"}},{"type":"Feature","id":336073,"geometry":{"type":"Polygon","coordinates":[[[-112.008346882385,33.4416720035533],[-112.008346882385,33.4500053388486],[-112.000013547089,33.4500053388486],[-112.000013547089,33.4416720035533],[-112.008346882385,33.4416720035533]]]},"properties":{"OBJECTID":336073,"CEILING":0,"UNIT":"Feet","MAP_EFF":"8/6/2026","LAST_EDIT":"5/8/2017","LATITUDE":33.44583867,"LONGITUDE":-112.00418020999999,"APT1_FAAID":"PHX","APT1_ICAO":"KPHX","APT1_NAME":"Phoenix Sky Harbor Intl","APT1_LAANC":1,"AIRSPACE_1":"B","REGION":"Western"}},{"type":"Feature","id":45563,"geometry":{"type":"Polygon","coordinates":[[[-111.90834686184,33.5833386985742],[-111.90834686184,33.5916720338695],[-111.900013526545,33.5916720338695],[-111.900013526545,33.5833386985742],[-111.90834686184,33.5833386985742]]]},"properties":{"OBJECTID":45563,"CEILING":100,"UNIT":"Feet","MAP_EFF":"8/6/2026","LAST_EDIT":"5/8/2017","LATITUDE":33.587505369999995,"LONGITUDE":-111.90418019,"APT1_FAAID":"SDL","APT1_ICAO":"KSDL","APT1_NAME":"Scottsdale","APT1_LAANC":1,"AIRSPACE_1":"D","REGION":"Western"}},{"type":"Feature","id":43204,"geometry":{"type":"Polygon","coordinates":[[[-112.116680237224,33.4083386643719],[-112.116680237224,33.4166719986673],[-112.108346901929,33.4166719986673],[-112.108346901929,33.4083386643719],[-112.116680237224,33.4083386643719]]]},"properties":{"OBJECTID":43204,"CEILING":100,"UNIT":"Feet","MAP_EFF":"8/6/2026","LAST_EDIT":"5/8/2017","LATITUDE":33.41250533,"LONGITUDE":-112.11251356999999,"APT1_FAAID":"PHX","APT1_ICAO":"KPHX","APT1_NAME":"Phoenix Sky Harbor Intl","APT1_LAANC":1,"AIRSPACE_1":"B","REGION":"Western"}},{"type":"Feature","id":42918,"geometry":{"type":"Polygon","coordinates":[[[-112.083346897043,33.3833386594858],[-112.083346897043,33.3916719937812],[-112.075013561747,33.3916719937812],[-112.075013561747,33.3833386594858],[-112.083346897043,33.3833386594858]]]},"properties":{"OBJECTID":42918,"CEILING":100,"UNIT":"Feet","MAP_EFF":"8/6/2026","LAST_EDIT":"5/8/2017","LATITUDE":33.38750533,"LONGITUDE":-112.07918022999999,"APT1_FAAID":"PHX","APT1_ICAO":"KPHX","APT1_NAME":"Phoenix Sky Harbor Intl","APT1_LAANC":1,"AIRSPACE_1":"B","REGION":"Western"}},{"type":"Feature","id":43450,"geometry":{"type":"Polygon","coordinates":[[[-112.025013551975,33.4250053339626],[-112.025013551975,33.4333386692579],[-112.01668021668,33.4333386692579],[-112.01668021668,33.4250053339626],[-112.025013551975,33.4250053339626]]]},"properties":{"OBJECTID":43450,"CEILING":0,"UNIT":"Feet","MAP_EFF":"8/6/2026","LAST_EDIT":"5/8/2017","LATITUDE":33.429172,"LONGITUDE":-112.02084688,"APT1_FAAID":"PHX","APT1_ICAO":"KPHX","APT1_NAME":"Phoenix Sky Harbor Intl","APT1_LAANC":0,"AIRSPACE_1":"B","REGION":"Western"}},{"type":"Feature","id":43456,"geometry":{"type":"Polygon","coordinates":[[[-111.966680206908,33.4250053339626],[-111.966680206908,33.4333386692579],[-111.958346871612,33.4333386692579],[-111.958346871612,33.4250053339626],[-111.966680206908,33.4250053339626]]]},"properties":{"OBJECTID":43456,"CEILING":0,"UNIT":"Feet","MAP_EFF":"8/6/2026","LAST_EDIT":"5/8/2017","LATITUDE":33.429172,"LONGITUDE":-111.96251354,"APT1_FAAID":"PHX","APT1_ICAO":"KPHX","APT1_NAME":"Phoenix Sky Harbor Intl","APT1_LAANC":1,"AIRSPACE_1":"B","REGION":"Western"}},{"type":"Feature","id":43012,"geometry":{"type":"Polygon","coordinates":[[[-112.100013566633,33.3916719937812],[-112.100013566633,33.4000053290765],[-112.091680232338,33.4000053290765],[-112.091680232338,33.3916719937812],[-112.100013566633,33.3916719937812]]]},"properties":{"OBJECTID":43012,"CEILING":100,"UNIT":"Feet","MAP_EFF":"8/6/2026","LAST_EDIT":"5/8/2017","LATITUDE":33.39583866,"LONGITUDE":-112.0958469,"APT1_FAAID":"PHX","APT1_ICAO":"KPHX","APT1_NAME":"Phoenix Sky Harbor Intl","APT1_LAANC":1,"AIRSPACE_1":"B","REGION":"Western"}},{"type":"Feature","id":42763,"geometry":{"type":"Polygon","coordinates":[[[-111.941680202022,33.3666719888952],[-111.941680202022,33.3750053241905],[-111.933346866726,33.3750053241905],[-111.933346866726,33.3666719888952],[-111.941680202022,33.3666719888952]]]},"properties":{"OBJECTID":42763,"CEILING":400,"UNIT":"Feet","MAP_EFF":"8/6/2026","LAST_EDIT":"5/8/2017","LATITUDE":33.370838660000004,"LONGITUDE":-111.93751353,"APT1_FAAID":"PHX","APT1_ICAO":"KPHX","APT1_NAME":"Phoenix Sky Harbor Intl","APT1_LAANC":1,"AIRSPACE_1":"B","REGION":"Western"}},{"type":"Feature","id":43699,"geometry":{"type":"Polygon","coordinates":[[[-111.941680202022,33.4416720035533],[-111.941680202022,33.4500053388486],[-111.933346866726,33.4500053388486],[-111.933346866726,33.4416720035533],[-111.941680202022,33.4416720035533]]]},"properties":{"OBJECTID":43699,"CEILING":100,"UNIT":"Feet","MAP_EFF":"8/6/2026","LAST_EDIT":"5/8/2017","LATITUDE":33.44583867,"LONGITUDE":-111.93751353,"APT1_FAAID":"PHX","APT1_ICAO":"KPHX","APT1_NAME":"Phoenix Sky Harbor Intl","APT1_LAANC":1,"AIRSPACE_1":"B","REGION":"Western"}},{"type":"Feature","id":336182,"geometry":{"type":"Polygon","coordinates":[[[-111.933346866726,33.4916720143253],[-111.933346866726,33.5000053486207],[-111.925013532431,33.5000053486207],[-111.925013532431,33.4916720143253],[-111.933346866726,33.4916720143253]]]},"properties":{"OBJECTID":336182,"CEILING":300,"UNIT":"Feet","MAP_EFF":"8/6/2026","LAST_EDIT":"10/27/2017","LATITUDE":33.495838680000006,"LONGITUDE":-111.9291802,"APT1_FAAID":"PHX","APT1_ICAO":"KPHX","APT1_NAME":"Phoenix Sky Harbor Intl","APT1_LAANC":1,"AIRSPACE_1":"B","REGION":"Western"}},{"type":"Feature","id":335887,"geometry":{"type":"Polygon","coordinates":[[[-111.900013526545,33.3500053193044],[-111.900013526545,33.3583386535998],[-111.89168019225,33.3583386535998],[-111.89168019225,33.3500053193044],[-111.900013526545,33.3500053193044]]]},"properties":{"OBJECTID":335887,"CEILING":400,"UNIT":"Feet","MAP_EFF":"8/6/2026","LAST_EDIT":"5/8/2017","LATITUDE":33.354171990000005,"LONGITUDE":-111.89584685999999,"APT1_FAAID":"PHX","APT1_ICAO":"KPHX","APT1_NAME":"Phoenix Sky Harbor Intl","APT1_LAANC":1,"AIRSPACE_1":"B","REGION":"Western"}},{"type":"Feature","id":43553,"geometry":{"type":"Polygon","coordinates":[[[-112.133346906815,33.4333386692579],[-112.133346906815,33.4416720035533],[-112.125013571519,33.4416720035533],[-112.125013571519,33.4333386692579],[-112.133346906815,33.4333386692579]]]},"properties":{"OBJECTID":43553,"CEILING":200,"UNIT":"Feet","MAP_EFF":"8/6/2026","LAST_EDIT":"5/8/2017","LATITUDE":33.43750534,"LONGITUDE":-112.12918024,"APT1_FAAID":"PHX","APT1_ICAO":"KPHX","APT1_NAME":"Phoenix Sky Harbor Intl","APT1_LAANC":1,"AIRSPACE_1":"B","REGION":"Western"}},{"type":"Feature","id":43814,"geometry":{"type":"Polygon","coordinates":[[[-111.90834686184,33.4500053388486],[-111.90834686184,33.458338674144],[-111.900013526545,33.458338674144],[-111.900013526545,33.4500053388486],[-111.90834686184,33.4500053388486]]]},"properties":{"OBJECTID":43814,"CEILING":100,"UNIT":"Feet","MAP_EFF":"8/6/2026","LAST_EDIT":"10/27/2017","LATITUDE":33.454172009999994,"LONGITUDE":-111.90418019,"APT1_FAAID":"PHX","APT1_ICAO":"KPHX","APT1_NAME":"Phoenix Sky Harbor Intl","APT1_LAANC":1,"AIRSPACE_1":"B","REGION":"Western"}},{"type":"Feature","id":43671,"geometry":{"type":"Polygon","coordinates":[[[-112.150013577406,33.4416720035533],[-112.150013577406,33.4500053388486],[-112.14168024211,33.4500053388486],[-112.14168024211,33.4416720035533],[-112.150013577406,33.4416720035533]]]},"properties":{"OBJECTID":43671,"CEILING":200,"UNIT":"Feet","MAP_EFF":"8/6/2026","LAST_EDIT":"5/8/2017","LATITUDE":33.44583867,"LONGITUDE":-112.14584690999999,"APT1_FAAID":"PHX","APT1_ICAO":"KPHX","APT1_NAME":"Phoenix Sky Harbor Intl","APT1_LAANC":1,"AIRSPACE_1":"B","REGION":"Western"}},{"type":"Feature","id":336056,"geometry":{"type":"Polygon","coordinates":[[[-111.90834686184,33.4333386692579],[-111.90834686184,33.4416720035533],[-111.900013526545,33.4416720035533],[-111.900013526545,33.4333386692579],[-111.90834686184,33.4333386692579]]]},"properties":{"OBJECTID":336056,"CEILING":100,"UNIT":"Feet","MAP_EFF":"8/6/2026","LAST_EDIT":"10/27/2017","LATITUDE":33.43750534,"LONGITUDE":-111.90418019,"APT1_FAAID":"PHX","APT1_ICAO":"KPHX","APT1_NAME":"Phoenix Sky Harbor Intl","APT1_LAANC":1,"AIRSPACE_1":"B","REGION":"Western"}},{"type":"Feature","id":43436,"geometry":{"type":"Polygon","coordinates":[[[-112.091680232338,33.4250053339626],[-112.091680232338,33.4333386692579],[-112.083346897043,33.4333386692579],[-112.083346897043,33.4250053339626],[-112.091680232338,33.4250053339626]]]},"properties":{"OBJECTID":43436,"CEILING":100,"UNIT":"Feet","MAP_EFF":"8/6/2026","LAST_EDIT":"5/8/2017","LATITUDE":33.429172,"LONGITUDE":-112.08751356,"APT1_FAAID":"PHX","APT1_ICAO":"KPHX","APT1_NAME":"Phoenix Sky Harbor Intl","APT1_LAANC":1,"AIRSPACE_1":"B","REGION":"Western"}},{"type":"Feature","id":45096,"geometry":{"type":"Polygon","coordinates":[[[-111.966680206908,33.5583386936881],[-111.966680206908,33.5666720289835],[-111.958346871612,33.5666720289835],[-111.958346871612,33.5583386936881],[-111.966680206908,33.5583386936881]]]},"properties":{"OBJECTID":45096,"CEILING":300,"UNIT":"Feet","MAP_EFF":"8/6/2026","LAST_EDIT":"5/8/2017","LATITUDE":33.56250536,"LONGITUDE":-111.96251354,"APT1_FAAID":"SDL","APT1_ICAO":"KSDL","APT1_NAME":"Scottsdale","APT1_LAANC":1,"AIRSPACE_1":"D","REGION":"Western"}},{"type":"Feature","id":43791,"geometry":{"type":"Polygon","coordinates":[[[-112.133346906815,33.4500053388486],[-112.133346906815,33.458338674144],[-112.125013571519,33.458338674144],[-112.125013571519,33.4500053388486],[-112.133346906815,33.4500053388486]]]},"properties":{"OBJECTID":43791,"CEILING":200,"UNIT":"Feet","MAP_EFF":"8/6/2026","LAST_EDIT":"5/8/2017","LATITUDE":33.454172009999994,"LONGITUDE":-112.12918024,"APT1_FAAID":"PHX","APT1_ICAO":"KPHX","APT1_NAME":"Phoenix Sky Harbor Intl","APT1_LAANC":1,"AIRSPACE_1":"B","REGION":"Western"}},{"type":"Feature","id":43459,"geometry":{"type":"Polygon","coordinates":[[[-111.933346866726,33.4250053339626],[-111.933346866726,33.4333386692579],[-111.925013532431,33.4333386692579],[-111.925013532431,33.4250053339626],[-111.933346866726,33.4250053339626]]]},"properties":{"OBJECTID":43459,"CEILING":100,"UNIT":"Feet","MAP_EFF":"8/6/2026","LAST_EDIT":"10/27/2017","LATITUDE":33.429172,"LONGITUDE":-111.9291802,"APT1_FAAID":"PHX","APT1_ICAO":"KPHX","APT1_NAME":"Phoenix Sky Harbor Intl","APT1_LAANC":1,"AIRSPACE_1":"B","REGION":"Western"}},{"type":"Feature","id":43224,"geometry":{"type":"Polygon","coordinates":[[[-111.933346866726,33.4083386643719],[-111.933346866726,33.4166719986673],[-111.925013532431,33.4166719986673],[-111.925013532431,33.4083386643719],[-111.933346866726,33.4083386643719]]]},"properties":{"OBJECTID":43224,"CEILING":100,"UNIT":"Feet","MAP_EFF":"8/6/2026","LAST_EDIT":"10/27/2017","LATITUDE":33.41250533,"LONGITUDE":-111.9291802,"APT1_FAAID":"PHX","APT1_ICAO":"KPHX","APT1_NAME":"Phoenix Sky Harbor Intl","APT1_LAANC":1,"AIRSPACE_1":"B","REGION":"Western"}},{"type":"Feature","id":336013,"geometry":{"type":"Polygon","coordinates":[[[-111.941680202022,33.4166719986673],[-111.941680202022,33.4250053339626],[-111.933346866726,33.4250053339626],[-111.933346866726,33.4166719986673],[-111.941680202022,33.4166719986673]]]},"properties":{"OBJECTID":336013,"CEILING":100,"UNIT":"Feet","MAP_EFF":"8/6/2026","LAST_EDIT":"5/8/2017","LATITUDE":33.42083867,"LONGITUDE":-111.93751353,"APT1_FAAID":"PHX","APT1_ICAO":"KPHX","APT1_NAME":"Phoenix Sky Harbor Intl","APT1_LAANC":1,"AIRSPACE_1":"B","REGION":"Western"}},{"type":"Feature","id":336050,"geometry":{"type":"Polygon","coordinates":[[[-112.158346911701,33.4333386692579],[-112.158346911701,33.4416720035533],[-112.150013577406,33.4416720035533],[-112.150013577406,33.4333386692579],[-112.158346911701,33.4333386692579]]]},"properties":{"OBJECTID":336050,"CEILING":200,"UNIT":"Feet","MAP_EFF":"8/6/2026","LAST_EDIT":"10/27/2017","LATITUDE":33.43750534,"LONGITUDE":-112.15418024,"APT1_FAAID":"PHX","APT1_ICAO":"KPHX","APT1_NAME":"Phoenix Sky Harbor Intl","APT1_LAANC":1,"AIRSPACE_1":"B","REGION":"Western"}},{"type":"Feature","id":44212,"geometry":{"type":"Polygon","coordinates":[[[-112.100013566633,33.48333867903],[-112.100013566633,33.4916720143253],[-112.091680232338,33.4916720143253],[-112.091680232338,33.48333867903],[-112.100013566633,33.48333867903]]]},"properties":{"OBJECTID":44212,"CEILING":300,"UNIT":"Feet","MAP_EFF":"8/6/2026","LAST_EDIT":"10/27/2017","LATITUDE":33.48750535,"LONGITUDE":-112.0958469,"APT1_FAAID":"PHX","APT1_ICAO":"KPHX","APT1_NAME":"Phoenix Sky Harbor Intl","APT1_LAANC":1,"AIRSPACE_1":"B","REGION":"Western"}},{"type":"Feature","id":335956,"geometry":{"type":"Polygon","coordinates":[[[-112.075013561747,33.3916719937812],[-112.075013561747,33.4000053290765],[-112.066680227452,33.4000053290765],[-112.066680227452,33.3916719937812],[-112.075013561747,33.3916719937812]]]},"properties":{"OBJECTID":335956,"CEILING":100,"UNIT":"Feet","MAP_EFF":"8/6/2026","LAST_EDIT":"5/8/2017","LATITUDE":33.39583866,"LONGITUDE":-112.07084689,"APT1_FAAID":"PHX","APT1_ICAO":"KPHX","APT1_NAME":"Phoenix Sky Harbor Intl","APT1_LAANC":1,"AIRSPACE_1":"B","REGION":"Western"}},{"type":"Feature","id":43679,"geometry":{"type":"Polygon","coordinates":[[[-112.075013561747,33.4416720035533],[-112.075013561747,33.4500053388486],[-112.066680227452,33.4500053388486],[-112.066680227452,33.4416720035533],[-112.075013561747,33.4416720035533]]]},"properties":{"OBJECTID":43679,"CEILING":100,"UNIT":"Feet","MAP_EFF":"8/6/2026","LAST_EDIT":"5/8/2017","LATITUDE":33.44583867,"LONGITUDE":-112.07084689,"APT1_FAAID":"PHX","APT1_ICAO":"KPHX","APT1_NAME":"Phoenix Sky Harbor Intl","APT1_LAANC":1,"AIRSPACE_1":"B","REGION":"Western"}},{"type":"Feature","id":43324,"geometry":{"type":"Polygon","coordinates":[[[-112.075013561747,33.4166719986673],[-112.075013561747,33.4250053339626],[-112.066680227452,33.4250053339626],[-112.066680227452,33.4166719986673],[-112.075013561747,33.4166719986673]]]},"properties":{"OBJECTID":43324,"CEILING":100,"UNIT":"Feet","MAP_EFF":"8/6/2026","LAST_EDIT":"5/8/2017","LATITUDE":33.42083867,"LONGITUDE":-112.07084689,"APT1_FAAID":"PHX","APT1_ICAO":"KPHX","APT1_NAME":"Phoenix Sky Harbor Intl","APT1_LAANC":1,"AIRSPACE_1":"B","REGION":"Western"}},{"type":"Feature","id":43336,"geometry":{"type":"Polygon","coordinates":[[[-111.958346871612,33.4166719986673],[-111.958346871612,33.4250053339626],[-111.950013537317,33.4250053339626],[-111.950013537317,33.4166719986673],[-111.958346871612,33.4166719986673]]]},"properties":{"OBJECTID":43336,"CEILING":0,"UNIT":"Feet","MAP_EFF":"8/6/2026","LAST_EDIT":"5/8/2017","LATITUDE":33.42083867,"LONGITUDE":-111.9541802,"APT1_FAAID":"PHX","APT1_ICAO":"KPHX","APT1_NAME":"Phoenix Sky Harbor Intl","APT1_LAANC":1,"AIRSPACE_1":"B","REGION":"Western"}},{"type":"Feature","id":336299,"geometry":{"type":"Polygon","coordinates":[[[-112.125013571519,33.5000053486207],[-112.125013571519,33.5083386839161],[-112.116680237224,33.5083386839161],[-112.116680237224,33.5000053486207],[-112.125013571519,33.5000053486207]]]},"properties":{"OBJECTID":336299,"CEILING":300,"UNIT":"Feet","MAP_EFF":"8/6/2026","LAST_EDIT":"10/27/2017","LATITUDE":33.50417202,"LONGITUDE":-112.1208469,"APT1_FAAID":"PHX","APT1_ICAO":"KPHX","APT1_NAME":"Phoenix Sky Harbor Intl","APT1_LAANC":1,"AIRSPACE_1":"B","REGION":"Western"}},{"type":"Feature","id":45394,"geometry":{"type":"Polygon","coordinates":[[[-111.941680202022,33.5750053642788],[-111.941680202022,33.5833386985742],[-111.933346866726,33.5833386985742],[-111.933346866726,33.5750053642788],[-111.941680202022,33.5750053642788]]]},"properties":{"OBJECTID":45394,"CEILING":200,"UNIT":"Feet","MAP_EFF":"8/6/2026","LAST_EDIT":"5/8/2017","LATITUDE":33.579172029999995,"LONGITUDE":-111.93751353,"APT1_FAAID":"SDL","APT1_ICAO":"KSDL","APT1_NAME":"Scottsdale","APT1_LAANC":1,"AIRSPACE_1":"D","REGION":"Western"}},{"type":"Feature","id":44114,"geometry":{"type":"Polygon","coordinates":[[[-112.058346892157,33.4750053437347],[-112.058346892157,33.48333867903],[-112.050013556861,33.48333867903],[-112.050013556861,33.4750053437347],[-112.058346892157,33.4750053437347]]]},"properties":{"OBJECTID":44114,"CEILING":100,"UNIT":"Feet","MAP_EFF":"8/6/2026","LAST_EDIT":"5/8/2017","LATITUDE":33.47917201,"LONGITUDE":-112.05418022,"APT1_FAAID":"PHX","APT1_ICAO":"KPHX","APT1_NAME":"Phoenix Sky Harbor Intl","APT1_LAANC":1,"AIRSPACE_1":"B","REGION":"Western"}},{"type":"Feature","id":43579,"geometry":{"type":"Polygon","coordinates":[[[-111.950013537317,33.4333386692579],[-111.950013537317,33.4416720035533],[-111.941680202022,33.4416720035533],[-111.941680202022,33.4333386692579],[-111.950013537317,33.4333386692579]]]},"properties":{"OBJECTID":43579,"CEILING":100,"UNIT":"Feet","MAP_EFF":"8/6/2026","LAST_EDIT":"5/8/2017","LATITUDE":33.43750534,"LONGITUDE":-111.94584687000001,"APT1_FAAID":"PHX","APT1_ICAO":"KPHX","APT1_NAME":"Phoenix Sky Harbor Intl","APT1_LAANC":1,"AIRSPACE_1":"B","REGION":"Western"}},{"type":"Feature","id":43573,"geometry":{"type":"Polygon","coordinates":[[[-112.008346882385,33.4333386692579],[-112.008346882385,33.4416720035533],[-112.000013547089,33.4416720035533],[-112.000013547089,33.4333386692579],[-112.008346882385,33.4333386692579]]]},"properties":{"OBJECTID":43573,"CEILING":0,"UNIT":"Feet","MAP_EFF":"8/6/2026","LAST_EDIT":"5/8/2017","LATITUDE":33.43750534,"LONGITUDE":-112.00418020999999,"APT1_FAAID":"PHX","APT1_ICAO":"KPHX","APT1_NAME":"Phoenix Sky Harbor Intl","APT1_LAANC":0,"AIRSPACE_1":"B","REGION":"Western"}},{"type":"Feature","id":45245,"geometry":{"type":"Polygon","coordinates":[[[-111.933346866726,33.5666720289835],[-111.933346866726,33.5750053642788],[-111.925013532431,33.5750053642788],[-111.925013532431,33.5666720289835],[-111.933346866726,33.5666720289835]]]},"properties":{"OBJECTID":45245,"CEILING":200,"UNIT":"Feet","MAP_EFF":"8/6/2026","LAST_EDIT":"5/8/2017","LATITUDE":33.570838699999996,"LONGITUDE":-111.9291802,"APT1_FAAID":"SDL","APT1_ICAO":"KSDL","APT1_NAME":"Scottsdale","APT1_LAANC":1,"AIRSPACE_1":"D","REGION":"Western"}},{"type":"Feature","id":44120,"geometry":{"type":"Polygon","coordinates":[[[-111.916680197136,33.4750053437347],[-111.916680197136,33.48333867903],[-111.90834686184,33.48333867903],[-111.90834686184,33.4750053437347],[-111.916680197136,33.4750053437347]]]},"properties":{"OBJECTID":44120,"CEILING":300,"UNIT":"Feet","MAP_EFF":"8/6/2026","LAST_EDIT":"10/27/2017","LATITUDE":33.47917201,"LONGITUDE":-111.91251353,"APT1_FAAID":"PHX","APT1_ICAO":"KPHX","APT1_NAME":"Phoenix Sky Harbor Intl","APT1_LAANC":1,"AIRSPACE_1":"B","REGION":"Western"}},{"type":"Feature","id":45737,"geometry":{"type":"Polygon","coordinates":[[[-112.000013547089,33.5916720338695],[-112.000013547089,33.6000053691649],[-111.991680211794,33.6000053691649],[-111.991680211794,33.5916720338695],[-112.000013547089,33.5916720338695]]]},"properties":{"OBJECTID":45737,"CEILING":300,"UNIT":"Feet","MAP_EFF":"8/6/2026","LAST_EDIT":"5/8/2017","LATITUDE":33.595838699999995,"LONGITUDE":-111.99584688,"APT1_FAAID":"SDL","APT1_ICAO":"KSDL","APT1_NAME":"Scottsdale","APT1_LAANC":1,"AIRSPACE_1":"D","REGION":"Western"}},{"type":"Feature","id":45743,"geometry":{"type":"Polygon","coordinates":[[[-111.941680202022,33.5916720338695],[-111.941680202022,33.6000053691649],[-111.933346866726,33.6000053691649],[-111.933346866726,33.5916720338695],[-111.941680202022,33.5916720338695]]]},"properties":{"OBJECTID":45743,"CEILING":100,"UNIT":"Feet","MAP_EFF":"8/6/2026","LAST_EDIT":"5/8/2017","LATITUDE":33.595838699999995,"LONGITUDE":-111.93751353,"APT1_FAAID":"SDL","APT1_ICAO":"KSDL","APT1_NAME":"Scottsdale","APT1_LAANC":1,"AIRSPACE_1":"D","REGION":"Western"}},{"type":"Feature","id":42689,"geometry":{"type":"Polygon","coordinates":[[[-112.158346911701,33.3583386535998],[-112.158346911701,33.3666719888952],[-112.150013577406,33.3666719888952],[-112.150013577406,33.3583386535998],[-112.158346911701,33.3583386535998]]]},"properties":{"OBJECTID":42689,"CEILING":400,"UNIT":"Feet","MAP_EFF":"8/6/2026","LAST_EDIT":"5/8/2017","LATITUDE":33.36250532,"LONGITUDE":-112.15418024,"APT1_FAAID":"PHX","APT1_ICAO":"KPHX","APT1_NAME":"Phoenix Sky Harbor Intl","APT1_LAANC":1,"AIRSPACE_1":"B","REGION":"Western"}},{"type":"Feature","id":43430,"geometry":{"type":"Polygon","coordinates":[[[-112.150013577406,33.4250053339626],[-112.150013577406,33.4333386692579],[-112.14168024211,33.4333386692579],[-112.14168024211,33.4250053339626],[-112.150013577406,33.4250053339626]]]},"properties":{"OBJECTID":43430,"CEILING":200,"UNIT":"Feet","MAP_EFF":"8/6/2026","LAST_EDIT":"5/8/2017","LATITUDE":33.429172,"LONGITUDE":-112.14584690999999,"APT1_FAAID":"PHX","APT1_ICAO":"KPHX","APT1_NAME":"Phoenix Sky Harbor Intl","APT1_LAANC":1,"AIRSPACE_1":"B","REGION":"Western"}},{"type":"Feature","id":336107,"geometry":{"type":"Polygon","coordinates":[[[-112.14168024211,33.458338674144],[-112.14168024211,33.4666720094393],[-112.133346906815,33.4666720094393],[-112.133346906815,33.458338674144],[-112.14168024211,33.458338674144]]]},"properties":{"OBJECTID":336107,"CEILING":200,"UNIT":"Feet","MAP_EFF":"8/6/2026","LAST_EDIT":"5/8/2017","LATITUDE":33.46250534,"LONGITUDE":-112.13751357,"APT1_FAAID":"PHX","APT1_ICAO":"KPHX","APT1_NAME":"Phoenix Sky Harbor Intl","APT1_LAANC":1,"AIRSPACE_1":"B","REGION":"Western"}},{"type":"Feature","id":44020,"geometry":{"type":"Polygon","coordinates":[[[-111.916680197136,33.4666720094393],[-111.916680197136,33.4750053437347],[-111.90834686184,33.4750053437347],[-111.90834686184,33.4666720094393],[-111.916680197136,33.4666720094393]]]},"properties":{"OBJECTID":44020,"CEILING":300,"UNIT":"Feet","MAP_EFF":"8/6/2026","LAST_EDIT":"10/27/2017","LATITUDE":33.47083868,"LONGITUDE":-111.91251353,"APT1_FAAID":"PHX","APT1_ICAO":"KPHX","APT1_NAME":"Phoenix Sky Harbor Intl","APT1_LAANC":1,"AIRSPACE_1":"B","REGION":"Western"}},{"type":"Feature","id":45102,"geometry":{"type":"Polygon","coordinates":[[[-111.916680197136,33.5583386936881],[-111.916680197136,33.5666720289835],[-111.90834686184,33.5666720289835],[-111.90834686184,33.5583386936881],[-111.916680197136,33.5583386936881]]]},"properties":{"OBJECTID":45102,"CEILING":300,"UNIT":"Feet","MAP_EFF":"8/6/2026","LAST_EDIT":"5/8/2017","LATITUDE":33.56250536,"LONGITUDE":-111.91251353,"APT1_FAAID":"SDL","APT1_ICAO":"KSDL","APT1_NAME":"Scottsdale","APT1_LAANC":1,"AIRSPACE_1":"D","REGION":"Western"}},{"type":"Feature","id":43330,"geometry":{"type":"Polygon","coordinates":[[[-112.01668021668,33.4166719986673],[-112.01668021668,33.4250053339626],[-112.008346882385,33.4250053339626],[-112.008346882385,33.4166719986673],[-112.01668021668,33.4166719986673]]]},"properties":{"OBJECTID":43330,"CEILING":0,"UNIT":"Feet","MAP_EFF":"8/6/2026","LAST_EDIT":"5/8/2017","LATITUDE":33.42083867,"LONGITUDE":-112.01251355000001,"APT1_FAAID":"PHX","APT1_ICAO":"KPHX","APT1_NAME":"Phoenix Sky Harbor Intl","APT1_LAANC":1,"AIRSPACE_1":"B","REGION":"Western"}},{"type":"Feature","id":42838,"geometry":{"type":"Polygon","coordinates":[[[-111.941680202022,33.3750053241905],[-111.941680202022,33.3833386594858],[-111.933346866726,33.3833386594858],[-111.933346866726,33.3750053241905],[-111.941680202022,33.3750053241905]]]},"properties":{"OBJECTID":42838,"CEILING":400,"UNIT":"Feet","MAP_EFF":"8/6/2026","LAST_EDIT":"5/8/2017","LATITUDE":33.37917199,"LONGITUDE":-111.93751353,"APT1_FAAID":"PHX","APT1_ICAO":"KPHX","APT1_NAME":"Phoenix Sky Harbor Intl","APT1_LAANC":1,"AIRSPACE_1":"B","REGION":"Western"}},{"type":"Feature","id":43920,"geometry":{"type":"Polygon","coordinates":[[[-111.950013537317,33.458338674144],[-111.950013537317,33.4666720094393],[-111.941680202022,33.4666720094393],[-111.941680202022,33.458338674144],[-111.950013537317,33.458338674144]]]},"properties":{"OBJECTID":43920,"CEILING":100,"UNIT":"Feet","MAP_EFF":"8/6/2026","LAST_EDIT":"10/27/2017","LATITUDE":33.46250534,"LONGITUDE":-111.94584687000001,"APT1_FAAID":"PHX","APT1_ICAO":"KPHX","APT1_NAME":"Phoenix Sky Harbor Intl","APT1_LAANC":1,"AIRSPACE_1":"B","REGION":"Western"}},{"type":"Feature","id":336305,"geometry":{"type":"Polygon","coordinates":[[[-111.900013526545,33.5000053486207],[-111.900013526545,33.5083386839161],[-111.89168019225,33.5083386839161],[-111.89168019225,33.5000053486207],[-111.900013526545,33.5000053486207]]]},"properties":{"OBJECTID":336305,"CEILING":400,"UNIT":"Feet","MAP_EFF":"8/6/2026","LAST_EDIT":"5/8/2017","LATITUDE":33.50417202,"LONGITUDE":-111.89584685999999,"APT1_FAAID":"PHX","APT1_ICAO":"KPHX","APT1_NAME":"Phoenix Sky Harbor Intl","APT1_LAANC":1,"AIRSPACE_1":"B","REGION":"Western"}},{"type":"Feature","id":43802,"geometry":{"type":"Polygon","coordinates":[[[-112.033346887271,33.4500053388486],[-112.033346887271,33.458338674144],[-112.025013551975,33.458338674144],[-112.025013551975,33.4500053388486],[-112.033346887271,33.4500053388486]]]},"properties":{"OBJECTID":43802,"CEILING":100,"UNIT":"Feet","MAP_EFF":"8/6/2026","LAST_EDIT":"5/8/2017","LATITUDE":33.454172009999994,"LONGITUDE":-112.02918022,"APT1_FAAID":"PHX","APT1_ICAO":"KPHX","APT1_NAME":"Phoenix Sky Harbor Intl","APT1_LAANC":1,"AIRSPACE_1":"B","REGION":"Western"}},{"type":"Feature","id":45391,"geometry":{"type":"Polygon","coordinates":[[[-111.966680206908,33.5750053642788],[-111.966680206908,33.5833386985742],[-111.958346871612,33.5833386985742],[-111.958346871612,33.5750053642788],[-111.966680206908,33.5750053642788]]]},"properties":{"OBJECTID":45391,"CEILING":200,"UNIT":"Feet","MAP_EFF":"8/6/2026","LAST_EDIT":"5/8/2017","LATITUDE":33.579172029999995,"LONGITUDE":-111.96251354,"APT1_FAAID":"SDL","APT1_ICAO":"KSDL","APT1_NAME":"Scottsdale","APT1_LAANC":1,"AIRSPACE_1":"D","REGION":"Western"}},{"type":"Feature","id":42829,"geometry":{"type":"Polygon","coordinates":[[[-112.150013577406,33.3750053241905],[-112.150013577406,33.3833386594858],[-112.14168024211,33.3833386594858],[-112.14168024211,33.3750053241905],[-112.150013577406,33.3750053241905]]]},"properties":{"OBJECTID":42829,"CEILING":400,"UNIT":"Feet","MAP_EFF":"8/6/2026","LAST_EDIT":"5/8/2017","LATITUDE":33.37917199,"LONGITUDE":-112.14584690999999,"APT1_FAAID":"PHX","APT1_ICAO":"KPHX","APT1_NAME":"Phoenix Sky Harbor Intl","APT1_LAANC":1,"AIRSPACE_1":"B","REGION":"Western"}},{"type":"Feature","id":336185,"geometry":{"type":"Polygon","coordinates":[[[-111.90834686184,33.4916720143253],[-111.90834686184,33.5000053486207],[-111.900013526545,33.5000053486207],[-111.900013526545,33.4916720143253],[-111.90834686184,33.4916720143253]]]},"properties":{"OBJECTID":336185,"CEILING":300,"UNIT":"Feet","MAP_EFF":"8/6/2026","LAST_EDIT":"10/27/2017","LATITUDE":33.495838680000006,"LONGITUDE":-111.90418019,"APT1_FAAID":"PHX","APT1_ICAO":"KPHX","APT1_NAME":"Phoenix Sky Harbor Intl","APT1_LAANC":1,"AIRSPACE_1":"B","REGION":"Western"}},{"type":"Feature","id":45105,"geometry":{"type":"Polygon","coordinates":[[[-111.90834686184,33.5583386936881],[-111.90834686184,33.5666720289835],[-111.900013526545,33.5666720289835],[-111.900013526545,33.5583386936881],[-111.90834686184,33.5583386936881]]]},"properties":{"OBJECTID":45105,"CEILING":300,"UNIT":"Feet","MAP_EFF":"8/6/2026","LAST_EDIT":"5/8/2017","LATITUDE":33.56250536,"LONGITUDE":-111.90418019,"APT1_FAAID":"SDL","APT1_ICAO":"KSDL","APT1_NAME":"Scottsdale","APT1_LAANC":1,"AIRSPACE_1":"D","REGION":"Western"}},{"type":"Feature","id":43115,"geometry":{"type":"Polygon","coordinates":[[[-111.950013537317,33.4000053290765],[-111.950013537317,33.4083386643719],[-111.941680202022,33.4083386643719],[-111.941680202022,33.4000053290765],[-111.950013537317,33.4000053290765]]]},"properties":{"OBJECTID":43115,"CEILING":100,"UNIT":"Feet","MAP_EFF":"8/6/2026","LAST_EDIT":"10/27/2017","LATITUDE":33.404172,"LONGITUDE":-111.94584687000001,"APT1_FAAID":"PHX","APT1_ICAO":"KPHX","APT1_NAME":"Phoenix Sky Harbor Intl","APT1_LAANC":1,"AIRSPACE_1":"B","REGION":"Western"}},{"type":"Feature","id":45746,"geometry":{"type":"Polygon","coordinates":[[[-111.916680197136,33.5916720338695],[-111.916680197136,33.6000053691649],[-111.90834686184,33.6000053691649],[-111.90834686184,33.5916720338695],[-111.916680197136,33.5916720338695]]]},"properties":{"OBJECTID":45746,"CEILING":100,"UNIT":"Feet","MAP_EFF":"8/6/2026","LAST_EDIT":"5/8/2017","LATITUDE":33.595838699999995,"LONGITUDE":-111.91251353,"APT1_FAAID":"SDL","APT1_ICAO":"KSDL","APT1_NAME":"Scottsdale","APT1_LAANC":1,"AIRSPACE_1":"D","REGION":"Western"}},{"type":"Feature","id":335993,"geometry":{"type":"Polygon","coordinates":[[[-111.966680206908,33.4083386643719],[-111.966680206908,33.4166719986673],[-111.958346871612,33.4166719986673],[-111.958346871612,33.4083386643719],[-111.966680206908,33.4083386643719]]]},"properties":{"OBJECTID":335993,"CEILING":100,"UNIT":"Feet","MAP_EFF":"8/6/2026","LAST_EDIT":"10/27/2017","LATITUDE":33.41250533,"LONGITUDE":-111.96251354,"APT1_FAAID":"PHX","APT1_ICAO":"KPHX","APT1_NAME":"Phoenix Sky Harbor Intl","APT1_LAANC":1,"AIRSPACE_1":"B","REGION":"Western"}},{"type":"Feature","id":336070,"geometry":{"type":"Polygon","coordinates":[[[-112.158346911701,33.4416720035533],[-112.158346911701,33.4500053388486],[-112.150013577406,33.4500053388486],[-112.150013577406,33.4416720035533],[-112.158346911701,33.4416720035533]]]},"properties":{"OBJECTID":336070,"CEILING":200,"UNIT":"Feet","MAP_EFF":"8/6/2026","LAST_EDIT":"10/27/2017","LATITUDE":33.44583867,"LONGITUDE":-112.15418024,"APT1_FAAID":"PHX","APT1_ICAO":"KPHX","APT1_NAME":"Phoenix Sky Harbor Intl","APT1_LAANC":1,"AIRSPACE_1":"B","REGION":"Western"}},{"type":"Feature","id":45554,"geometry":{"type":"Polygon","coordinates":[[[-111.991680211794,33.5833386985742],[-111.991680211794,33.5916720338695],[-111.983346877499,33.5916720338695],[-111.983346877499,33.5833386985742],[-111.991680211794,33.5833386985742]]]},"properties":{"OBJECTID":45554,"CEILING":300,"UNIT":"Feet","MAP_EFF":"8/6/2026","LAST_EDIT":"5/8/2017","LATITUDE":33.587505369999995,"LONGITUDE":-111.98751354,"APT1_FAAID":"SDL","APT1_ICAO":"KSDL","APT1_NAME":"Scottsdale","APT1_LAANC":1,"AIRSPACE_1":"D","REGION":"Western"}},{"type":"Feature","id":45560,"geometry":{"type":"Polygon","coordinates":[[[-111.933346866726,33.5833386985742],[-111.933346866726,33.5916720338695],[-111.925013532431,33.5916720338695],[-111.925013532431,33.5833386985742],[-111.933346866726,33.5833386985742]]]},"properties":{"OBJECTID":45560,"CEILING":100,"UNIT":"Feet","MAP_EFF":"8/6/2026","LAST_EDIT":"5/8/2017","LATITUDE":33.587505369999995,"LONGITUDE":-111.9291802,"APT1_FAAID":"SDL","APT1_ICAO":"KSDL","APT1_NAME":"Scottsdale","APT1_LAANC":1,"AIRSPACE_1":"D","REGION":"Western"}},{"type":"Feature","id":42921,"geometry":{"type":"Polygon","coordinates":[[[-111.950013537317,33.3833386594858],[-111.950013537317,33.3916719937812],[-111.941680202022,33.3916719937812],[-111.941680202022,33.3833386594858],[-111.950013537317,33.3833386594858]]]},"properties":{"OBJECTID":42921,"CEILING":100,"UNIT":"Feet","MAP_EFF":"8/6/2026","LAST_EDIT":"10/27/2017","LATITUDE":33.38750533,"LONGITUDE":-111.94584687000001,"APT1_FAAID":"PHX","APT1_ICAO":"KPHX","APT1_NAME":"Phoenix Sky Harbor Intl","APT1_LAANC":1,"AIRSPACE_1":"B","REGION":"Western"}},{"type":"Feature","id":336093,"geometry":{"type":"Polygon","coordinates":[[[-111.933346866726,33.4500053388486],[-111.933346866726,33.458338674144],[-111.925013532431,33.458338674144],[-111.925013532431,33.4500053388486],[-111.933346866726,33.4500053388486]]]},"properties":{"OBJECTID":336093,"CEILING":100,"UNIT":"Feet","MAP_EFF":"8/6/2026","LAST_EDIT":"10/27/2017","LATITUDE":33.454172009999994,"LONGITUDE":-111.9291802,"APT1_FAAID":"PHX","APT1_ICAO":"KPHX","APT1_NAME":"Phoenix Sky Harbor Intl","APT1_LAANC":1,"AIRSPACE_1":"B","REGION":"Western"}},{"type":"Feature","id":43021,"geometry":{"type":"Polygon","coordinates":[[[-111.933346866726,33.3916719937812],[-111.933346866726,33.4000053290765],[-111.925013532431,33.4000053290765],[-111.925013532431,33.3916719937812],[-111.933346866726,33.3916719937812]]]},"properties":{"OBJECTID":43021,"CEILING":100,"UNIT":"Feet","MAP_EFF":"8/6/2026","LAST_EDIT":"10/27/2017","LATITUDE":33.39583866,"LONGITUDE":-111.9291802,"APT1_FAAID":"PHX","APT1_ICAO":"KPHX","APT1_NAME":"Phoenix Sky Harbor Intl","APT1_LAANC":1,"AIRSPACE_1":"B","REGION":"Western"}},{"type":"Feature","id":335924,"geometry":{"type":"Polygon","coordinates":[[[-112.108346901929,33.3750053241905],[-112.108346901929,33.3833386594858],[-112.100013566633,33.3833386594858],[-112.100013566633,33.3750053241905],[-112.108346901929,33.3750053241905]]]},"properties":{"OBJECTID":335924,"CEILING":400,"UNIT":"Feet","MAP_EFF":"8/6/2026","LAST_EDIT":"5/8/2017","LATITUDE":33.37917199,"LONGITUDE":-112.10418023,"APT1_FAAID":"PHX","APT1_ICAO":"KPHX","APT1_NAME":"Phoenix Sky Harbor Intl","APT1_LAANC":1,"AIRSPACE_1":"B","REGION":"Western"}},{"type":"Feature","id":336588,"geometry":{"type":"Polygon","coordinates":[[[-111.983346877499,33.5916720338695],[-111.983346877499,33.6000053691649],[-111.975013542203,33.6000053691649],[-111.975013542203,33.5916720338695],[-111.983346877499,33.5916720338695]]]},"properties":{"OBJECTID":336588,"CEILING":300,"UNIT":"Feet","MAP_EFF":"8/6/2026","LAST_EDIT":"5/8/2017","LATITUDE":33.595838699999995,"LONGITUDE":-111.97918021,"APT1_FAAID":"SDL","APT1_ICAO":"KSDL","APT1_NAME":"Scottsdale","APT1_LAANC":1,"AIRSPACE_1":"D","REGION":"Western"}},{"type":"Feature","id":43808,"geometry":{"type":"Polygon","coordinates":[[[-111.975013542203,33.4500053388486],[-111.975013542203,33.458338674144],[-111.966680206908,33.458338674144],[-111.966680206908,33.4500053388486],[-111.975013542203,33.4500053388486]]]},"properties":{"OBJECTID":43808,"CEILING":100,"UNIT":"Feet","MAP_EFF":"8/6/2026","LAST_EDIT":"5/8/2017","LATITUDE":33.454172009999994,"LONGITUDE":-111.97084687,"APT1_FAAID":"PHX","APT1_ICAO":"KPHX","APT1_NAME":"Phoenix Sky Harbor Intl","APT1_LAANC":1,"AIRSPACE_1":"B","REGION":"Western"}},{"type":"Feature","id":336179,"geometry":{"type":"Polygon","coordinates":[[[-112.108346901929,33.4916720143253],[-112.108346901929,33.5000053486207],[-112.100013566633,33.5000053486207],[-112.100013566633,33.4916720143253],[-112.108346901929,33.4916720143253]]]},"properties":{"OBJECTID":336179,"CEILING":300,"UNIT":"Feet","MAP_EFF":"8/6/2026","LAST_EDIT":"10/27/2017","LATITUDE":33.495838680000006,"LONGITUDE":-112.10418023,"APT1_FAAID":"PHX","APT1_ICAO":"KPHX","APT1_NAME":"Phoenix Sky Harbor Intl","APT1_LAANC":1,"AIRSPACE_1":"B","REGION":"Western"}},{"type":"Feature","id":43702,"geometry":{"type":"Polygon","coordinates":[[[-111.90834686184,33.4416720035533],[-111.90834686184,33.4500053388486],[-111.900013526545,33.4500053388486],[-111.900013526545,33.4416720035533],[-111.90834686184,33.4416720035533]]]},"properties":{"OBJECTID":43702,"CEILING":100,"UNIT":"Feet","MAP_EFF":"8/6/2026","LAST_EDIT":"10/27/2017","LATITUDE":33.44583867,"LONGITUDE":-111.90418019,"APT1_FAAID":"PHX","APT1_ICAO":"KPHX","APT1_NAME":"Phoenix Sky Harbor Intl","APT1_LAANC":1,"AIRSPACE_1":"B","REGION":"Western"}},{"type":"Feature","id":43015,"geometry":{"type":"Polygon","coordinates":[[[-112.066680227452,33.3916719937812],[-112.066680227452,33.4000053290765],[-112.058346892157,33.4000053290765],[-112.058346892157,33.3916719937812],[-112.066680227452,33.3916719937812]]]},"properties":{"OBJECTID":43015,"CEILING":100,"UNIT":"Feet","MAP_EFF":"8/6/2026","LAST_EDIT":"8/27/2020","LATITUDE":33.39583866,"LONGITUDE":-112.06251356,"APT1_FAAID":"PHX","APT1_ICAO":"KPHX","APT1_NAME":"Phoenix Sky Harbor Intl","APT1_LAANC":1,"AIRSPACE_1":"B","REGION":"Western"}},{"type":"Feature","id":43691,"geometry":{"type":"Polygon","coordinates":[[[-112.01668021668,33.4416720035533],[-112.01668021668,33.4500053388486],[-112.008346882385,33.4500053388486],[-112.008346882385,33.4416720035533],[-112.01668021668,33.4416720035533]]]},"properties":{"OBJECTID":43691,"CEILING":0,"UNIT":"Feet","MAP_EFF":"8/6/2026","LAST_EDIT":"5/8/2017","LATITUDE":33.44583867,"LONGITUDE":-112.01251355000001,"APT1_FAAID":"PHX","APT1_ICAO":"KPHX","APT1_NAME":"Phoenix Sky Harbor Intl","APT1_LAANC":1,"AIRSPACE_1":"B","REGION":"Western"}},{"type":"Feature","id":335941,"geometry":{"type":"Polygon","coordinates":[[[-111.900013526545,33.3833386594858],[-111.900013526545,33.3916719937812],[-111.89168019225,33.3916719937812],[-111.89168019225,33.3833386594858],[-111.900013526545,33.3833386594858]]]},"properties":{"OBJECTID":335941,"CEILING":100,"UNIT":"Feet","MAP_EFF":"8/6/2026","LAST_EDIT":"10/27/2017","LATITUDE":33.38750533,"LONGITUDE":-111.89584685999999,"APT1_FAAID":"PHX","APT1_ICAO":"KPHX","APT1_NAME":"Phoenix Sky Harbor Intl","APT1_LAANC":1,"AIRSPACE_1":"B","REGION":"Western"}},{"type":"Feature","id":43201,"geometry":{"type":"Polygon","coordinates":[[[-112.14168024211,33.4083386643719],[-112.14168024211,33.4166719986673],[-112.133346906815,33.4166719986673],[-112.133346906815,33.4083386643719],[-112.14168024211,33.4083386643719]]]},"properties":{"OBJECTID":43201,"CEILING":200,"UNIT":"Feet","MAP_EFF":"8/6/2026","LAST_EDIT":"5/8/2017","LATITUDE":33.41250533,"LONGITUDE":-112.13751357,"APT1_FAAID":"PHX","APT1_ICAO":"KPHX","APT1_NAME":"Phoenix Sky Harbor Intl","APT1_LAANC":1,"AIRSPACE_1":"B","REGION":"Western"}},{"type":"Feature","id":43213,"geometry":{"type":"Polygon","coordinates":[[[-112.025013551975,33.4083386643719],[-112.025013551975,33.4166719986673],[-112.01668021668,33.4166719986673],[-112.01668021668,33.4083386643719],[-112.025013551975,33.4083386643719]]]},"properties":{"OBJECTID":43213,"CEILING":100,"UNIT":"Feet","MAP_EFF":"8/6/2026","LAST_EDIT":"5/8/2017","LATITUDE":33.41250533,"LONGITUDE":-112.02084688,"APT1_FAAID":"PHX","APT1_ICAO":"KPHX","APT1_NAME":"Phoenix Sky Harbor Intl","APT1_LAANC":1,"AIRSPACE_1":"B","REGION":"Western"}},{"type":"Feature","id":43545,"geometry":{"type":"Polygon","coordinates":[[[-112.166680246996,33.4333386692579],[-112.166680246996,33.4416720035533],[-112.158346911701,33.4416720035533],[-112.158346911701,33.4333386692579],[-112.166680246996,33.4333386692579]]]},"properties":{"OBJECTID":43545,"CEILING":400,"UNIT":"Feet","MAP_EFF":"8/6/2026","LAST_EDIT":"8/17/2026","LATITUDE":33.43750534,"LONGITUDE":-112.16251358,"APT1_FAAID":"PHX","APT1_ICAO":"KPHX","APT1_NAME":"Phoenix Sky Harbor Intl","APT1_LAANC":1,"AIRSPACE_1":"B","REGION":"Western"}},{"type":"Feature","id":44541,"geometry":{"type":"Polygon","coordinates":[[[-112.14168024211,33.5083386839161],[-112.14168024211,33.5166720192114],[-112.133346906815,33.5166720192114],[-112.133346906815,33.5083386839161],[-112.14168024211,33.5083386839161]]]},"properties":{"OBJECTID":44541,"CEILING":300,"UNIT":"Feet","MAP_EFF":"8/6/2026","LAST_EDIT":"10/27/2017","LATITUDE":33.512505350000005,"LONGITUDE":-112.13751357,"APT1_FAAID":"PHX","APT1_ICAO":"KPHX","APT1_NAME":"Phoenix Sky Harbor Intl","APT1_LAANC":1,"AIRSPACE_1":"B","REGION":"Western"}},{"type":"Feature","id":43556,"geometry":{"type":"Polygon","coordinates":[[[-112.108346901929,33.4333386692579],[-112.108346901929,33.4416720035533],[-112.100013566633,33.4416720035533],[-112.100013566633,33.4333386692579],[-112.108346901929,33.4333386692579]]]},"properties":{"OBJECTID":43556,"CEILING":100,"UNIT":"Feet","MAP_EFF":"8/6/2026","LAST_EDIT":"5/8/2017","LATITUDE":33.43750534,"LONGITUDE":-112.10418023,"APT1_FAAID":"PHX","APT1_ICAO":"KPHX","APT1_NAME":"Phoenix Sky Harbor Intl","APT1_LAANC":1,"AIRSPACE_1":"B","REGION":"Western"}},{"type":"Feature","id":44973,"geometry":{"type":"Polygon","coordinates":[[[-111.941680202022,33.5500053593928],[-111.941680202022,33.5583386936881],[-111.933346866726,33.5583386936881],[-111.933346866726,33.5500053593928],[-111.941680202022,33.5500053593928]]]},"properties":{"OBJECTID":44973,"CEILING":300,"UNIT":"Feet","MAP_EFF":"8/6/2026","LAST_EDIT":"5/8/2017","LATITUDE":33.55417203,"LONGITUDE":-111.93751353,"APT1_FAAID":"SDL","APT1_ICAO":"KSDL","APT1_NAME":"Scottsdale","APT1_LAANC":1,"AIRSPACE_1":"D","REGION":"Western"}},{"type":"Feature","id":42915,"geometry":{"type":"Polygon","coordinates":[[[-112.108346901929,33.3833386594858],[-112.108346901929,33.3916719937812],[-112.100013566633,33.3916719937812],[-112.100013566633,33.3833386594858],[-112.108346901929,33.3833386594858]]]},"properties":{"OBJECTID":42915,"CEILING":100,"UNIT":"Feet","MAP_EFF":"8/6/2026","LAST_EDIT":"5/8/2017","LATITUDE":33.38750533,"LONGITUDE":-112.10418023,"APT1_FAAID":"PHX","APT1_ICAO":"KPHX","APT1_NAME":"Phoenix Sky Harbor Intl","APT1_LAANC":1,"AIRSPACE_1":"B","REGION":"Western"}},{"type":"Feature","id":43794,"geometry":{"type":"Polygon","coordinates":[[[-112.108346901929,33.4500053388486],[-112.108346901929,33.458338674144],[-112.100013566633,33.458338674144],[-112.100013566633,33.4500053388486],[-112.108346901929,33.4500053388486]]]},"properties":{"OBJECTID":43794,"CEILING":100,"UNIT":"Feet","MAP_EFF":"8/6/2026","LAST_EDIT":"5/8/2017","LATITUDE":33.454172009999994,"LONGITUDE":-112.10418023,"APT1_FAAID":"PHX","APT1_ICAO":"KPHX","APT1_NAME":"Phoenix Sky Harbor Intl","APT1_LAANC":1,"AIRSPACE_1":"B","REGION":"Western"}},{"type":"Feature","id":336087,"geometry":{"type":"Polygon","coordinates":[[[-112.158346911701,33.4500053388486],[-112.158346911701,33.458338674144],[-112.150013577406,33.458338674144],[-112.150013577406,33.4500053388486],[-112.158346911701,33.4500053388486]]]},"properties":{"OBJECTID":336087,"CEILING":200,"UNIT":"Feet","MAP_EFF":"8/6/2026","LAST_EDIT":"10/27/2017","LATITUDE":33.454172009999994,"LONGITUDE":-112.15418024,"APT1_FAAID":"PHX","APT1_ICAO":"KPHX","APT1_NAME":"Phoenix Sky Harbor Intl","APT1_LAANC":1,"AIRSPACE_1":"B","REGION":"Western"}},{"type":"Feature","id":43107,"geometry":{"type":"Polygon","coordinates":[[[-112.083346897043,33.4000053290765],[-112.083346897043,33.4083386643719],[-112.075013561747,33.4083386643719],[-112.075013561747,33.4000053290765],[-112.083346897043,33.4000053290765]]]},"properties":{"OBJECTID":43107,"CEILING":100,"UNIT":"Feet","MAP_EFF":"8/6/2026","LAST_EDIT":"5/8/2017","LATITUDE":33.404172,"LONGITUDE":-112.07918022999999,"APT1_FAAID":"PHX","APT1_ICAO":"KPHX","APT1_NAME":"Phoenix Sky Harbor Intl","APT1_LAANC":1,"AIRSPACE_1":"B","REGION":"Western"}},{"type":"Feature","id":336033,"geometry":{"type":"Polygon","coordinates":[[[-112.01668021668,33.4250053339626],[-112.01668021668,33.4333386692579],[-112.008346882385,33.4333386692579],[-112.008346882385,33.4250053339626],[-112.01668021668,33.4250053339626]]]},"properties":{"OBJECTID":336033,"CEILING":0,"UNIT":"Feet","MAP_EFF":"8/6/2026","LAST_EDIT":"5/8/2017","LATITUDE":33.429172,"LONGITUDE":-112.01251355000001,"APT1_FAAID":"PHX","APT1_ICAO":"KPHX","APT1_NAME":"Phoenix Sky Harbor Intl","APT1_LAANC":0,"AIRSPACE_1":"B","REGION":"Western"}},{"type":"Feature","id":42766,"geometry":{"type":"Polygon","coordinates":[[[-111.916680197136,33.3666719888952],[-111.916680197136,33.3750053241905],[-111.90834686184,33.3750053241905],[-111.90834686184,33.3666719888952],[-111.916680197136,33.3666719888952]]]},"properties":{"OBJECTID":42766,"CEILING":400,"UNIT":"Feet","MAP_EFF":"8/6/2026","LAST_EDIT":"5/8/2017","LATITUDE":33.370838660000004,"LONGITUDE":-111.91251353,"APT1_FAAID":"PHX","APT1_ICAO":"KPHX","APT1_NAME":"Phoenix Sky Harbor Intl","APT1_LAANC":1,"AIRSPACE_1":"B","REGION":"Western"}},{"type":"Feature","id":42912,"geometry":{"type":"Polygon","coordinates":[[[-112.14168024211,33.3833386594858],[-112.14168024211,33.3916719937812],[-112.133346906815,33.3916719937812],[-112.133346906815,33.3833386594858],[-112.14168024211,33.3833386594858]]]},"properties":{"OBJECTID":42912,"CEILING":200,"UNIT":"Feet","MAP_EFF":"8/6/2026","LAST_EDIT":"5/8/2017","LATITUDE":33.38750533,"LONGITUDE":-112.13751357,"APT1_FAAID":"PHX","APT1_ICAO":"KPHX","APT1_NAME":"Phoenix Sky Harbor Intl","APT1_LAANC":1,"AIRSPACE_1":"B","REGION":"Western"}},{"type":"Feature","id":43207,"geometry":{"type":"Polygon","coordinates":[[[-112.083346897043,33.4083386643719],[-112.083346897043,33.4166719986673],[-112.075013561747,33.4166719986673],[-112.075013561747,33.4083386643719],[-112.083346897043,33.4083386643719]]]},"properties":{"OBJECTID":43207,"CEILING":100,"UNIT":"Feet","MAP_EFF":"8/6/2026","LAST_EDIT":"5/8/2017","LATITUDE":33.41250533,"LONGITUDE":-112.07918022999999,"APT1_FAAID":"PHX","APT1_ICAO":"KPHX","APT1_NAME":"Phoenix Sky Harbor Intl","APT1_LAANC":1,"AIRSPACE_1":"B","REGION":"Western"}},{"type":"Feature","id":43453,"geometry":{"type":"Polygon","coordinates":[[[-111.991680211794,33.4250053339626],[-111.991680211794,33.4333386692579],[-111.983346877499,33.4333386692579],[-111.983346877499,33.4250053339626],[-111.991680211794,33.4250053339626]]]},"properties":{"OBJECTID":43453,"CEILING":0,"UNIT":"Feet","MAP_EFF":"8/6/2026","LAST_EDIT":"5/8/2017","LATITUDE":33.429172,"LONGITUDE":-111.98751354,"APT1_FAAID":"PHX","APT1_ICAO":"KPHX","APT1_NAME":"Phoenix Sky Harbor Intl","APT1_LAANC":1,"AIRSPACE_1":"B","REGION":"Western"}},{"type":"Feature","id":43221,"geometry":{"type":"Polygon","coordinates":[[[-112.166680246996,33.4083386643719],[-112.166680246996,33.4166719986673],[-112.158346911701,33.4166719986673],[-112.158346911701,33.4083386643719],[-112.166680246996,33.4083386643719]]]},"properties":{"OBJECTID":43221,"CEILING":400,"UNIT":"Feet","MAP_EFF":"8/6/2026","LAST_EDIT":"8/17/2026","LATITUDE":33.41250533,"LONGITUDE":-112.16251358,"APT1_FAAID":"PHX","APT1_ICAO":"KPHX","APT1_NAME":"Phoenix Sky Harbor Intl","APT1_LAANC":1,"AIRSPACE_1":"B","REGION":"Western"}},{"type":"Feature","id":44976,"geometry":{"type":"Polygon","coordinates":[[[-111.916680197136,33.5500053593928],[-111.916680197136,33.5583386936881],[-111.90834686184,33.5583386936881],[-111.90834686184,33.5500053593928],[-111.916680197136,33.5500053593928]]]},"properties":{"OBJECTID":44976,"CEILING":300,"UNIT":"Feet","MAP_EFF":"8/6/2026","LAST_EDIT":"5/8/2017","LATITUDE":33.55417203,"LONGITUDE":-111.91251353,"APT1_FAAID":"SDL","APT1_ICAO":"KSDL","APT1_NAME":"Scottsdale","APT1_LAANC":1,"AIRSPACE_1":"D","REGION":"Western"}},{"type":"Feature","id":43104,"geometry":{"type":"Polygon","coordinates":[[[-112.108346901929,33.4000053290765],[-112.108346901929,33.4083386643719],[-112.100013566633,33.4083386643719],[-112.100013566633,33.4000053290765],[-112.108346901929,33.4000053290765]]]},"properties":{"OBJECTID":43104,"CEILING":100,"UNIT":"Feet","MAP_EFF":"8/6/2026","LAST_EDIT":"5/8/2017","LATITUDE":33.404172,"LONGITUDE":-112.10418023,"APT1_FAAID":"PHX","APT1_ICAO":"KPHX","APT1_NAME":"Phoenix Sky Harbor Intl","APT1_LAANC":1,"AIRSPACE_1":"B","REGION":"Western"}},{"type":"Feature","id":336030,"geometry":{"type":"Polygon","coordinates":[[[-112.125013571519,33.4250053339626],[-112.125013571519,33.4333386692579],[-112.116680237224,33.4333386692579],[-112.116680237224,33.4250053339626],[-112.125013571519,33.4250053339626]]]},"properties":{"OBJECTID":336030,"CEILING":200,"UNIT":"Feet","MAP_EFF":"8/6/2026","LAST_EDIT":"5/8/2017","LATITUDE":33.429172,"LONGITUDE":-112.1208469,"APT1_FAAID":"PHX","APT1_ICAO":"KPHX","APT1_NAME":"Phoenix Sky Harbor Intl","APT1_LAANC":1,"AIRSPACE_1":"B","REGION":"Western"}},{"type":"Feature","id":336053,"geometry":{"type":"Polygon","coordinates":[[[-112.058346892157,33.4333386692579],[-112.058346892157,33.4416720035533],[-112.050013556861,33.4416720035533],[-112.050013556861,33.4333386692579],[-112.058346892157,33.4333386692579]]]},"properties":{"OBJECTID":336053,"CEILING":0,"UNIT":"Feet","MAP_EFF":"8/6/2026","LAST_EDIT":"5/8/2017","LATITUDE":33.43750534,"LONGITUDE":-112.05418022,"APT1_FAAID":"PHX","APT1_ICAO":"KPHX","APT1_NAME":"Phoenix Sky Harbor Intl","APT1_LAANC":1,"AIRSPACE_1":"B","REGION":"Western"}},{"type":"Feature","id":336508,"geometry":{"type":"Polygon","coordinates":[[[-111.925013532431,33.5666720289835],[-111.925013532431,33.5750053642788],[-111.916680197136,33.5750053642788],[-111.916680197136,33.5666720289835],[-111.925013532431,33.5666720289835]]]},"properties":{"OBJECTID":336508,"CEILING":200,"UNIT":"Feet","MAP_EFF":"8/6/2026","LAST_EDIT":"5/8/2017","LATITUDE":33.570838699999996,"LONGITUDE":-111.92084686,"APT1_FAAID":"SDL","APT1_ICAO":"KSDL","APT1_NAME":"Scottsdale","APT1_LAANC":1,"AIRSPACE_1":"D","REGION":"Western"}},{"type":"Feature","id":43313,"geometry":{"type":"Polygon","coordinates":[[[-112.116680237224,33.4166719986673],[-112.116680237224,33.4250053339626],[-112.108346901929,33.4250053339626],[-112.108346901929,33.4166719986673],[-112.116680237224,33.4166719986673]]]},"properties":{"OBJECTID":43313,"CEILING":100,"UNIT":"Feet","MAP_EFF":"8/6/2026","LAST_EDIT":"5/8/2017","LATITUDE":33.42083867,"LONGITUDE":-112.11251356999999,"APT1_FAAID":"PHX","APT1_ICAO":"KPHX","APT1_NAME":"Phoenix Sky Harbor Intl","APT1_LAANC":1,"AIRSPACE_1":"B","REGION":"Western"}},{"type":"Feature","id":43811,"geometry":{"type":"Polygon","coordinates":[[[-111.941680202022,33.4500053388486],[-111.941680202022,33.458338674144],[-111.933346866726,33.458338674144],[-111.933346866726,33.4500053388486],[-111.941680202022,33.4500053388486]]]},"properties":{"OBJECTID":43811,"CEILING":100,"UNIT":"Feet","MAP_EFF":"8/6/2026","LAST_EDIT":"10/27/2017","LATITUDE":33.454172009999994,"LONGITUDE":-111.93751353,"APT1_FAAID":"PHX","APT1_ICAO":"KPHX","APT1_NAME":"Phoenix Sky Harbor Intl","APT1_LAANC":1,"AIRSPACE_1":"B","REGION":"Western"}},{"type":"Feature","id":43911,"geometry":{"type":"Polygon","coordinates":[[[-112.000013547089,33.458338674144],[-112.000013547089,33.4666720094393],[-111.991680211794,33.4666720094393],[-111.991680211794,33.458338674144],[-112.000013547089,33.458338674144]]]},"properties":{"OBJECTID":43911,"CEILING":100,"UNIT":"Feet","MAP_EFF":"8/6/2026","LAST_EDIT":"5/8/2017","LATITUDE":33.46250534,"LONGITUDE":-111.99584688,"APT1_FAAID":"PHX","APT1_ICAO":"KPHX","APT1_NAME":"Phoenix Sky Harbor Intl","APT1_LAANC":1,"AIRSPACE_1":"B","REGION":"Western"}},{"type":"Feature","id":336296,"geometry":{"type":"Polygon","coordinates":[[[-112.150013577406,33.5000053486207],[-112.150013577406,33.5083386839161],[-112.14168024211,33.5083386839161],[-112.14168024211,33.5000053486207],[-112.150013577406,33.5000053486207]]]},"properties":{"OBJECTID":336296,"CEILING":300,"UNIT":"Feet","MAP_EFF":"8/6/2026","LAST_EDIT":"10/27/2017","LATITUDE":33.50417202,"LONGITUDE":-112.14584690999999,"APT1_FAAID":"PHX","APT1_ICAO":"KPHX","APT1_NAME":"Phoenix Sky Harbor Intl","APT1_LAANC":1,"AIRSPACE_1":"B","REGION":"Western"}},{"type":"Feature","id":43462,"geometry":{"type":"Polygon","coordinates":[[[-111.90834686184,33.4250053339626],[-111.90834686184,33.4333386692579],[-111.900013526545,33.4333386692579],[-111.900013526545,33.4250053339626],[-111.90834686184,33.4250053339626]]]},"properties":{"OBJECTID":43462,"CEILING":100,"UNIT":"Feet","MAP_EFF":"8/6/2026","LAST_EDIT":"10/27/2017","LATITUDE":33.429172,"LONGITUDE":-111.90418019,"APT1_FAAID":"PHX","APT1_ICAO":"KPHX","APT1_NAME":"Phoenix Sky Harbor Intl","APT1_LAANC":1,"AIRSPACE_1":"B","REGION":"Western"}},{"type":"Feature","id":44103,"geometry":{"type":"Polygon","coordinates":[[[-112.158346911701,33.4750053437347],[-112.158346911701,33.48333867903],[-112.150013577406,33.48333867903],[-112.150013577406,33.4750053437347],[-112.158346911701,33.4750053437347]]]},"properties":{"OBJECTID":44103,"CEILING":300,"UNIT":"Feet","MAP_EFF":"8/6/2026","LAST_EDIT":"10/27/2017","LATITUDE":33.47917201,"LONGITUDE":-112.15418024,"APT1_FAAID":"PHX","APT1_ICAO":"KPHX","APT1_NAME":"Phoenix Sky Harbor Intl","APT1_LAANC":1,"AIRSPACE_1":"B","REGION":"Western"}},{"type":"Feature","id":45397,"geometry":{"type":"Polygon","coordinates":[[[-111.916680197136,33.5750053642788],[-111.916680197136,33.5833386985742],[-111.90834686184,33.5833386985742],[-111.90834686184,33.5750053642788],[-111.916680197136,33.5750053642788]]]},"properties":{"OBJECTID":45397,"CEILING":200,"UNIT":"Feet","MAP_EFF":"8/6/2026","LAST_EDIT":"5/8/2017","LATITUDE":33.579172029999995,"LONGITUDE":-111.91251353,"APT1_FAAID":"SDL","APT1_ICAO":"KSDL","APT1_NAME":"Scottsdale","APT1_LAANC":1,"AIRSPACE_1":"D","REGION":"Western"}},{"type":"Feature","id":43227,"geometry":{"type":"Polygon","coordinates":[[[-111.90834686184,33.4083386643719],[-111.90834686184,33.4166719986673],[-111.900013526545,33.4166719986673],[-111.900013526545,33.4083386643719],[-111.90834686184,33.4083386643719]]]},"properties":{"OBJECTID":43227,"CEILING":100,"UNIT":"Feet","MAP_EFF":"8/6/2026","LAST_EDIT":"10/27/2017","LATITUDE":33.41250533,"LONGITUDE":-111.90418019,"APT1_FAAID":"PHX","APT1_ICAO":"KPHX","APT1_NAME":"Phoenix Sky Harbor Intl","APT1_LAANC":1,"AIRSPACE_1":"B","REGION":"Western"}},{"type":"Feature","id":44223,"geometry":{"type":"Polygon","coordinates":[[[-111.900013526545,33.48333867903],[-111.900013526545,33.4916720143253],[-111.89168019225,33.4916720143253],[-111.89168019225,33.48333867903],[-111.900013526545,33.48333867903]]]},"properties":{"OBJECTID":44223,"CEILING":300,"UNIT":"Feet","MAP_EFF":"8/6/2026","LAST_EDIT":"10/27/2017","LATITUDE":33.48750535,"LONGITUDE":-111.89584685999999,"APT1_FAAID":"PHX","APT1_ICAO":"KPHX","APT1_NAME":"Phoenix Sky Harbor Intl","APT1_LAANC":1,"AIRSPACE_1":"B","REGION":"Western"}},{"type":"Feature","id":42835,"geometry":{"type":"Polygon","coordinates":[[[-112.091680232338,33.3750053241905],[-112.091680232338,33.3833386594858],[-112.083346897043,33.3833386594858],[-112.083346897043,33.3750053241905],[-112.091680232338,33.3750053241905]]]},"properties":{"OBJECTID":42835,"CEILING":400,"UNIT":"Feet","MAP_EFF":"8/6/2026","LAST_EDIT":"5/8/2017","LATITUDE":33.37917199,"LONGITUDE":-112.08751356,"APT1_FAAID":"PHX","APT1_ICAO":"KPHX","APT1_NAME":"Phoenix Sky Harbor Intl","APT1_LAANC":1,"AIRSPACE_1":"B","REGION":"Western"}},{"type":"Feature","id":43333,"geometry":{"type":"Polygon","coordinates":[[[-111.983346877499,33.4166719986673],[-111.983346877499,33.4250053339626],[-111.975013542203,33.4250053339626],[-111.975013542203,33.4166719986673],[-111.983346877499,33.4166719986673]]]},"properties":{"OBJECTID":43333,"CEILING":0,"UNIT":"Feet","MAP_EFF":"8/6/2026","LAST_EDIT":"5/8/2017","LATITUDE":33.42083867,"LONGITUDE":-111.97918021,"APT1_FAAID":"PHX","APT1_ICAO":"KPHX","APT1_NAME":"Phoenix Sky Harbor Intl","APT1_LAANC":1,"AIRSPACE_1":"B","REGION":"Western"}},{"type":"Feature","id":44011,"geometry":{"type":"Polygon","coordinates":[[[-112.083346897043,33.4666720094393],[-112.083346897043,33.4750053437347],[-112.075013561747,33.4750053437347],[-112.075013561747,33.4666720094393],[-112.083346897043,33.4666720094393]]]},"properties":{"OBJECTID":44011,"CEILING":200,"UNIT":"Feet","MAP_EFF":"8/6/2026","LAST_EDIT":"5/8/2017","LATITUDE":33.47083868,"LONGITUDE":-112.07918022999999,"APT1_FAAID":"PHX","APT1_ICAO":"KPHX","APT1_NAME":"Phoenix Sky Harbor Intl","APT1_LAANC":1,"AIRSPACE_1":"B","REGION":"Western"}},{"type":"Feature","id":44209,"geometry":{"type":"Polygon","coordinates":[[[-112.133346906815,33.48333867903],[-112.133346906815,33.4916720143253],[-112.125013571519,33.4916720143253],[-112.125013571519,33.48333867903],[-112.133346906815,33.48333867903]]]},"properties":{"OBJECTID":44209,"CEILING":300,"UNIT":"Feet","MAP_EFF":"8/6/2026","LAST_EDIT":"10/27/2017","LATITUDE":33.48750535,"LONGITUDE":-112.12918024,"APT1_FAAID":"PHX","APT1_ICAO":"KPHX","APT1_NAME":"Phoenix Sky Harbor Intl","APT1_LAANC":1,"AIRSPACE_1":"B","REGION":"Western"}},{"type":"Feature","id":45242,"geometry":{"type":"Polygon","coordinates":[[[-111.958346871612,33.5666720289835],[-111.958346871612,33.5750053642788],[-111.950013537317,33.5750053642788],[-111.950013537317,33.5666720289835],[-111.958346871612,33.5666720289835]]]},"properties":{"OBJECTID":45242,"CEILING":200,"UNIT":"Feet","MAP_EFF":"8/6/2026","LAST_EDIT":"5/8/2017","LATITUDE":33.570838699999996,"LONGITUDE":-111.9541802,"APT1_FAAID":"SDL","APT1_ICAO":"KSDL","APT1_NAME":"Scottsdale","APT1_LAANC":1,"AIRSPACE_1":"D","REGION":"Western"}},{"type":"Feature","id":43582,"geometry":{"type":"Polygon","coordinates":[[[-111.925013532431,33.4333386692579],[-111.925013532431,33.4416720035533],[-111.916680197136,33.4416720035533],[-111.916680197136,33.4333386692579],[-111.925013532431,33.4333386692579]]]},"properties":{"OBJECTID":43582,"CEILING":100,"UNIT":"Feet","MAP_EFF":"8/6/2026","LAST_EDIT":"10/27/2017","LATITUDE":33.43750534,"LONGITUDE":-111.92084686,"APT1_FAAID":"PHX","APT1_ICAO":"KPHX","APT1_NAME":"Phoenix Sky Harbor Intl","APT1_LAANC":1,"AIRSPACE_1":"B","REGION":"Western"}},{"type":"Feature","id":335910,"geometry":{"type":"Polygon","coordinates":[[[-112.158346911701,33.3666719888952],[-112.158346911701,33.3750053241905],[-112.150013577406,33.3750053241905],[-112.150013577406,33.3666719888952],[-112.158346911701,33.3666719888952]]]},"properties":{"OBJECTID":335910,"CEILING":400,"UNIT":"Feet","MAP_EFF":"8/6/2026","LAST_EDIT":"5/8/2017","LATITUDE":33.370838660000004,"LONGITUDE":-112.15418024,"APT1_FAAID":"PHX","APT1_ICAO":"KPHX","APT1_NAME":"Phoenix Sky Harbor Intl","APT1_LAANC":1,"AIRSPACE_1":"B","REGION":"Western"}},{"type":"Feature","id":336159,"geometry":{"type":"Polygon","coordinates":[[[-111.941680202022,33.48333867903],[-111.941680202022,33.4916720143253],[-111.933346866726,33.4916720143253],[-111.933346866726,33.48333867903],[-111.941680202022,33.48333867903]]]},"properties":{"OBJECTID":336159,"CEILING":300,"UNIT":"Feet","MAP_EFF":"8/6/2026","LAST_EDIT":"10/27/2017","LATITUDE":33.48750535,"LONGITUDE":-111.93751353,"APT1_FAAID":"PHX","APT1_ICAO":"KPHX","APT1_NAME":"Phoenix Sky Harbor Intl","APT1_LAANC":1,"AIRSPACE_1":"B","REGION":"Western"}},{"type":"Feature","id":43917,"geometry":{"type":"Polygon","coordinates":[[[-111.975013542203,33.458338674144],[-111.975013542203,33.4666720094393],[-111.966680206908,33.4666720094393],[-111.966680206908,33.458338674144],[-111.975013542203,33.458338674144]]]},"properties":{"OBJECTID":43917,"CEILING":100,"UNIT":"Feet","MAP_EFF":"8/6/2026","LAST_EDIT":"5/8/2017","LATITUDE":33.46250534,"LONGITUDE":-111.97084687,"APT1_FAAID":"PHX","APT1_ICAO":"KPHX","APT1_NAME":"Phoenix Sky Harbor Intl","APT1_LAANC":1,"AIRSPACE_1":"B","REGION":"Western"}},{"type":"Feature","id":336302,"geometry":{"type":"Polygon","coordinates":[[[-112.100013566633,33.5000053486207],[-112.100013566633,33.5083386839161],[-112.091680232338,33.5083386839161],[-112.091680232338,33.5000053486207],[-112.100013566633,33.5000053486207]]]},"properties":{"OBJECTID":336302,"CEILING":300,"UNIT":"Feet","MAP_EFF":"8/6/2026","LAST_EDIT":"10/27/2017","LATITUDE":33.50417202,"LONGITUDE":-112.0958469,"APT1_FAAID":"PHX","APT1_ICAO":"KPHX","APT1_NAME":"Phoenix Sky Harbor Intl","APT1_LAANC":1,"AIRSPACE_1":"B","REGION":"Western"}},{"type":"Feature","id":42692,"geometry":{"type":"Polygon","coordinates":[[[-112.133346906815,33.3583386535998],[-112.133346906815,33.3666719888952],[-112.125013571519,33.3666719888952],[-112.125013571519,33.3583386535998],[-112.133346906815,33.3583386535998]]]},"properties":{"OBJECTID":42692,"CEILING":400,"UNIT":"Feet","MAP_EFF":"8/6/2026","LAST_EDIT":"5/8/2017","LATITUDE":33.36250532,"LONGITUDE":-112.12918024,"APT1_FAAID":"PHX","APT1_ICAO":"KPHX","APT1_NAME":"Phoenix Sky Harbor Intl","APT1_LAANC":1,"AIRSPACE_1":"B","REGION":"Western"}},{"type":"Feature","id":351258,"geometry":{"type":"Polygon","coordinates":[[[-112.175013582292,33.4250053339626],[-112.175013582292,33.4333386692579],[-112.166680246996,33.4333386692579],[-112.166680246996,33.4250053339626],[-112.175013582292,33.4250053339626]]]},"properties":{"OBJECTID":351258,"CEILING":400,"UNIT":"Feet","MAP_EFF":"8/6/2026","LAST_EDIT":"8/17/2026","LATITUDE":33.429172,"LONGITUDE":-112.17084691,"APT1_FAAID":"PHX","APT1_ICAO":"KPHX","APT1_NAME":"Phoenix Sky Harbor Intl","APT1_LAANC":1,"AIRSPACE_1":"B","REGION":"Western"}},{"type":"Feature","id":336110,"geometry":{"type":"Polygon","coordinates":[[[-112.01668021668,33.458338674144],[-112.01668021668,33.4666720094393],[-112.008346882385,33.4666720094393],[-112.008346882385,33.458338674144],[-112.01668021668,33.458338674144]]]},"properties":{"OBJECTID":336110,"CEILING":100,"UNIT":"Feet","MAP_EFF":"8/6/2026","LAST_EDIT":"5/8/2017","LATITUDE":33.46250534,"LONGITUDE":-112.01251355000001,"APT1_FAAID":"PHX","APT1_ICAO":"KPHX","APT1_NAME":"Phoenix Sky Harbor Intl","APT1_LAANC":1,"AIRSPACE_1":"B","REGION":"Western"}},{"type":"Feature","id":44017,"geometry":{"type":"Polygon","coordinates":[[[-111.950013537317,33.4666720094393],[-111.950013537317,33.4750053437347],[-111.941680202022,33.4750053437347],[-111.941680202022,33.4666720094393],[-111.950013537317,33.4666720094393]]]},"properties":{"OBJECTID":44017,"CEILING":200,"UNIT":"Feet","MAP_EFF":"8/6/2026","LAST_EDIT":"5/8/2017","LATITUDE":33.47083868,"LONGITUDE":-111.94584687000001,"APT1_FAAID":"PHX","APT1_ICAO":"KPHX","APT1_NAME":"Phoenix Sky Harbor Intl","APT1_LAANC":1,"AIRSPACE_1":"B","REGION":"Western"}},{"type":"Feature","id":45099,"geometry":{"type":"Polygon","coordinates":[[[-111.941680202022,33.5583386936881],[-111.941680202022,33.5666720289835],[-111.933346866726,33.5666720289835],[-111.933346866726,33.5583386936881],[-111.941680202022,33.5583386936881]]]},"properties":{"OBJECTID":45099,"CEILING":300,"UNIT":"Feet","MAP_EFF":"8/6/2026","LAST_EDIT":"5/8/2017","LATITUDE":33.56250536,"LONGITUDE":-111.93751353,"APT1_FAAID":"SDL","APT1_ICAO":"KSDL","APT1_NAME":"Scottsdale","APT1_LAANC":1,"AIRSPACE_1":"D","REGION":"Western"}},{"type":"Feature","id":43576,"geometry":{"type":"Polygon","coordinates":[[[-111.983346877499,33.4333386692579],[-111.983346877499,33.4416720035533],[-111.975013542203,33.4416720035533],[-111.975013542203,33.4333386692579],[-111.983346877499,33.4333386692579]]]},"properties":{"OBJECTID":43576,"CEILING":0,"UNIT":"Feet","MAP_EFF":"8/6/2026","LAST_EDIT":"5/8/2017","LATITUDE":33.43750534,"LONGITUDE":-111.97918021,"APT1_FAAID":"PHX","APT1_ICAO":"KPHX","APT1_NAME":"Phoenix Sky Harbor Intl","APT1_LAANC":1,"AIRSPACE_1":"B","REGION":"Western"}},{"type":"Feature","id":44117,"geometry":{"type":"Polygon","coordinates":[[[-111.933346866726,33.4750053437347],[-111.933346866726,33.48333867903],[-111.925013532431,33.48333867903],[-111.925013532431,33.4750053437347],[-111.933346866726,33.4750053437347]]]},"properties":{"OBJECTID":44117,"CEILING":300,"UNIT":"Feet","MAP_EFF":"8/6/2026","LAST_EDIT":"10/27/2017","LATITUDE":33.47917201,"LONGITUDE":-111.9291802,"APT1_FAAID":"PHX","APT1_ICAO":"KPHX","APT1_NAME":"Phoenix Sky Harbor Intl","APT1_LAANC":1,"AIRSPACE_1":"B","REGION":"Western"}},{"type":"Feature","id":45740,"geometry":{"type":"Polygon","coordinates":[[[-111.966680206908,33.5916720338695],[-111.966680206908,33.6000053691649],[-111.958346871612,33.6000053691649],[-111.958346871612,33.5916720338695],[-111.966680206908,33.5916720338695]]]},"properties":{"OBJECTID":45740,"CEILING":200,"UNIT":"Feet","MAP_EFF":"8/6/2026","LAST_EDIT":"5/8/2017","LATITUDE":33.595838699999995,"LONGITUDE":-111.96251354,"APT1_FAAID":"SDL","APT1_ICAO":"KSDL","APT1_NAME":"Scottsdale","APT1_LAANC":1,"AIRSPACE_1":"D","REGION":"Western"}},{"type":"Feature","id":45248,"geometry":{"type":"Polygon","coordinates":[[[-111.900013526545,33.5666720289835],[-111.900013526545,33.5750053642788],[-111.89168019225,33.5750053642788],[-111.89168019225,33.5666720289835],[-111.900013526545,33.5666720289835]]]},"properties":{"OBJECTID":45248,"CEILING":200,"UNIT":"Feet","MAP_EFF":"8/6/2026","LAST_EDIT":"5/8/2017","LATITUDE":33.570838699999996,"LONGITUDE":-111.89584685999999,"APT1_FAAID":"SDL","APT1_ICAO":"KSDL","APT1_NAME":"Scottsdale","APT1_LAANC":1,"AIRSPACE_1":"D","REGION":"Western"}},{"type":"Feature","id":42830,"geometry":{"type":"Polygon","coordinates":[[[-112.14168024211,33.3750053241905],[-112.14168024211,33.3833386594858],[-112.133346906815,33.3833386594858],[-112.133346906815,33.3750053241905],[-112.14168024211,33.3750053241905]]]},"properties":{"OBJECTID":42830,"CEILING":400,"UNIT":"Feet","MAP_EFF":"8/6/2026","LAST_EDIT":"5/8/2017","LATITUDE":33.37917199,"LONGITUDE":-112.13751357,"APT1_FAAID":"PHX","APT1_ICAO":"KPHX","APT1_NAME":"Phoenix Sky Harbor Intl","APT1_LAANC":1,"AIRSPACE_1":"B","REGION":"Western"}},{"type":"Feature","id":335925,"geometry":{"type":"Polygon","coordinates":[[[-111.916680197136,33.3750053241905],[-111.916680197136,33.3833386594858],[-111.90834686184,33.3833386594858],[-111.90834686184,33.3750053241905],[-111.916680197136,33.3750053241905]]]},"properties":{"OBJECTID":335925,"CEILING":400,"UNIT":"Feet","MAP_EFF":"8/6/2026","LAST_EDIT":"5/8/2017","LATITUDE":33.37917199,"LONGITUDE":-111.91251353,"APT1_FAAID":"PHX","APT1_ICAO":"KPHX","APT1_NAME":"Phoenix Sky Harbor Intl","APT1_LAANC":1,"AIRSPACE_1":"B","REGION":"Western"}},{"type":"Feature","id":45392,"geometry":{"type":"Polygon","coordinates":[[[-111.958346871612,33.5750053642788],[-111.958346871612,33.5833386985742],[-111.950013537317,33.5833386985742],[-111.950013537317,33.5750053642788],[-111.958346871612,33.5750053642788]]]},"properties":{"OBJECTID":45392,"CEILING":200,"UNIT":"Feet","MAP_EFF":"8/6/2026","LAST_EDIT":"5/8/2017","LATITUDE":33.579172029999995,"LONGITUDE":-111.9541802,"APT1_FAAID":"SDL","APT1_ICAO":"KSDL","APT1_NAME":"Scottsdale","APT1_LAANC":1,"AIRSPACE_1":"D","REGION":"Western"}},{"type":"Feature","id":43116,"geometry":{"type":"Polygon","coordinates":[[[-111.941680202022,33.4000053290765],[-111.941680202022,33.4083386643719],[-111.933346866726,33.4083386643719],[-111.933346866726,33.4000053290765],[-111.941680202022,33.4000053290765]]]},"properties":{"OBJECTID":43116,"CEILING":100,"UNIT":"Feet","MAP_EFF":"8/6/2026","LAST_EDIT":"10/27/2017","LATITUDE":33.404172,"LONGITUDE":-111.93751353,"APT1_FAAID":"PHX","APT1_ICAO":"KPHX","APT1_NAME":"Phoenix Sky Harbor Intl","APT1_LAANC":1,"AIRSPACE_1":"B","REGION":"Western"}},{"type":"Feature","id":43448,"geometry":{"type":"Polygon","coordinates":[[[-112.041680221566,33.4250053339626],[-112.041680221566,33.4333386692579],[-112.033346887271,33.4333386692579],[-112.033346887271,33.4250053339626],[-112.041680221566,33.4250053339626]]]},"properties":{"OBJECTID":43448,"CEILING":0,"UNIT":"Feet","MAP_EFF":"8/6/2026","LAST_EDIT":"5/8/2017","LATITUDE":33.429172,"LONGITUDE":-112.03751355,"APT1_FAAID":"PHX","APT1_ICAO":"KPHX","APT1_NAME":"Phoenix Sky Harbor Intl","APT1_LAANC":1,"AIRSPACE_1":"B","REGION":"Western"}},{"type":"Feature","id":44112,"geometry":{"type":"Polygon","coordinates":[[[-112.075013561747,33.4750053437347],[-112.075013561747,33.48333867903],[-112.066680227452,33.48333867903],[-112.066680227452,33.4750053437347],[-112.075013561747,33.4750053437347]]]},"properties":{"OBJECTID":44112,"CEILING":200,"UNIT":"Feet","MAP_EFF":"8/6/2026","LAST_EDIT":"5/8/2017","LATITUDE":33.47917201,"LONGITUDE":-112.07084689,"APT1_FAAID":"PHX","APT1_ICAO":"KPHX","APT1_NAME":"Phoenix Sky Harbor Intl","APT1_LAANC":1,"AIRSPACE_1":"B","REGION":"Western"}},{"type":"Feature","id":43803,"geometry":{"type":"Polygon","coordinates":[[[-112.025013551975,33.4500053388486],[-112.025013551975,33.458338674144],[-112.01668021668,33.458338674144],[-112.01668021668,33.4500053388486],[-112.025013551975,33.4500053388486]]]},"properties":{"OBJECTID":43803,"CEILING":100,"UNIT":"Feet","MAP_EFF":"8/6/2026","LAST_EDIT":"5/8/2017","LATITUDE":33.454172009999994,"LONGITUDE":-112.02084688,"APT1_FAAID":"PHX","APT1_ICAO":"KPHX","APT1_NAME":"Phoenix Sky Harbor Intl","APT1_LAANC":1,"AIRSPACE_1":"B","REGION":"Western"}},{"type":"Feature","id":336397,"geometry":{"type":"Polygon","coordinates":[[[-112.116680237224,33.5083386839161],[-112.116680237224,33.5166720192114],[-112.108346901929,33.5166720192114],[-112.108346901929,33.5083386839161],[-112.116680237224,33.5083386839161]]]},"properties":{"OBJECTID":336397,"CEILING":300,"UNIT":"Feet","MAP_EFF":"8/6/2026","LAST_EDIT":"10/27/2017","LATITUDE":33.512505350000005,"LONGITUDE":-112.11251356999999,"APT1_FAAID":"PHX","APT1_ICAO":"KPHX","APT1_NAME":"Phoenix Sky Harbor Intl","APT1_LAANC":1,"AIRSPACE_1":"B","REGION":"Western"}},{"type":"Feature","id":336094,"geometry":{"type":"Polygon","coordinates":[[[-111.916680197136,33.4500053388486],[-111.916680197136,33.458338674144],[-111.90834686184,33.458338674144],[-111.90834686184,33.4500053388486],[-111.916680197136,33.4500053388486]]]},"properties":{"OBJECTID":336094,"CEILING":100,"UNIT":"Feet","MAP_EFF":"8/6/2026","LAST_EDIT":"10/27/2017","LATITUDE":33.454172009999994,"LONGITUDE":-111.91251353,"APT1_FAAID":"PHX","APT1_ICAO":"KPHX","APT1_NAME":"Phoenix Sky Harbor Intl","APT1_LAANC":1,"AIRSPACE_1":"B","REGION":"Western"}},{"type":"Feature","id":335971,"geometry":{"type":"Polygon","coordinates":[[[-112.14168024211,33.4000053290765],[-112.14168024211,33.4083386643719],[-112.133346906815,33.4083386643719],[-112.133346906815,33.4000053290765],[-112.14168024211,33.4000053290765]]]},"properties":{"OBJECTID":335971,"CEILING":200,"UNIT":"Feet","MAP_EFF":"8/6/2026","LAST_EDIT":"5/8/2017","LATITUDE":33.404172,"LONGITUDE":-112.13751357,"APT1_FAAID":"PHX","APT1_ICAO":"KPHX","APT1_NAME":"Phoenix Sky Harbor Intl","APT1_LAANC":1,"AIRSPACE_1":"B","REGION":"Western"}},{"type":"Feature","id":336071,"geometry":{"type":"Polygon","coordinates":[[[-112.091680232338,33.4416720035533],[-112.091680232338,33.4500053388486],[-112.083346897043,33.4500053388486],[-112.083346897043,33.4416720035533],[-112.091680232338,33.4416720035533]]]},"properties":{"OBJECTID":336071,"CEILING":100,"UNIT":"Feet","MAP_EFF":"8/6/2026","LAST_EDIT":"5/8/2017","LATITUDE":33.44583867,"LONGITUDE":-112.08751356,"APT1_FAAID":"PHX","APT1_ICAO":"KPHX","APT1_NAME":"Phoenix Sky Harbor Intl","APT1_LAANC":1,"AIRSPACE_1":"B","REGION":"Western"}},{"type":"Feature","id":45555,"geometry":{"type":"Polygon","coordinates":[[[-111.975013542203,33.5833386985742],[-111.975013542203,33.5916720338695],[-111.966680206908,33.5916720338695],[-111.966680206908,33.5833386985742],[-111.975013542203,33.5833386985742]]]},"properties":{"OBJECTID":45555,"CEILING":300,"UNIT":"Feet","MAP_EFF":"8/6/2026","LAST_EDIT":"5/8/2017","LATITUDE":33.587505369999995,"LONGITUDE":-111.97084687,"APT1_FAAID":"SDL","APT1_ICAO":"KSDL","APT1_NAME":"Scottsdale","APT1_LAANC":1,"AIRSPACE_1":"D","REGION":"Western"}},{"type":"Feature","id":42924,"geometry":{"type":"Polygon","coordinates":[[[-111.925013532431,33.3833386594858],[-111.925013532431,33.3916719937812],[-111.916680197136,33.3916719937812],[-111.916680197136,33.3833386594858],[-111.925013532431,33.3833386594858]]]},"properties":{"OBJECTID":42924,"CEILING":100,"UNIT":"Feet","MAP_EFF":"8/6/2026","LAST_EDIT":"10/27/2017","LATITUDE":33.38750533,"LONGITUDE":-111.92084686,"APT1_FAAID":"PHX","APT1_ICAO":"KPHX","APT1_NAME":"Phoenix Sky Harbor Intl","APT1_LAANC":1,"AIRSPACE_1":"B","REGION":"Western"}},{"type":"Feature","id":43903,"geometry":{"type":"Polygon","coordinates":[[[-112.083346897043,33.458338674144],[-112.083346897043,33.4666720094393],[-112.075013561747,33.4666720094393],[-112.075013561747,33.458338674144],[-112.083346897043,33.458338674144]]]},"properties":{"OBJECTID":43903,"CEILING":100,"UNIT":"Feet","MAP_EFF":"8/6/2026","LAST_EDIT":"5/8/2017","LATITUDE":33.46250534,"LONGITUDE":-112.07918022999999,"APT1_FAAID":"PHX","APT1_ICAO":"KPHX","APT1_NAME":"Phoenix Sky Harbor Intl","APT1_LAANC":1,"AIRSPACE_1":"B","REGION":"Western"}},{"type":"Feature","id":43216,"geometry":{"type":"Polygon","coordinates":[[[-112.000013547089,33.4083386643719],[-112.000013547089,33.4166719986673],[-111.991680211794,33.4166719986673],[-111.991680211794,33.4083386643719],[-112.000013547089,33.4083386643719]]]},"properties":{"OBJECTID":43216,"CEILING":100,"UNIT":"Feet","MAP_EFF":"8/6/2026","LAST_EDIT":"5/8/2017","LATITUDE":33.41250533,"LONGITUDE":-111.99584688,"APT1_FAAID":"PHX","APT1_ICAO":"KPHX","APT1_NAME":"Phoenix Sky Harbor Intl","APT1_LAANC":1,"AIRSPACE_1":"B","REGION":"Western"}},{"type":"Feature","id":43202,"geometry":{"type":"Polygon","coordinates":[[[-112.133346906815,33.4083386643719],[-112.133346906815,33.4166719986673],[-112.125013571519,33.4166719986673],[-112.125013571519,33.4083386643719],[-112.133346906815,33.4083386643719]]]},"properties":{"OBJECTID":43202,"CEILING":200,"UNIT":"Feet","MAP_EFF":"8/6/2026","LAST_EDIT":"5/8/2017","LATITUDE":33.41250533,"LONGITUDE":-112.12918024,"APT1_FAAID":"PHX","APT1_ICAO":"KPHX","APT1_NAME":"Phoenix Sky Harbor Intl","APT1_LAANC":1,"AIRSPACE_1":"B","REGION":"Western"}},{"type":"Feature","id":351276,"geometry":{"type":"Polygon","coordinates":[[[-112.175013582292,33.4083386643719],[-112.175013582292,33.4166719986673],[-112.166680246996,33.4166719986673],[-112.166680246996,33.4083386643719],[-112.175013582292,33.4083386643719]]]},"properties":{"OBJECTID":351276,"CEILING":400,"UNIT":"Feet","MAP_EFF":"8/6/2026","LAST_EDIT":"8/17/2026","LATITUDE":33.41250533,"LONGITUDE":-112.17084691,"APT1_FAAID":"PHX","APT1_ICAO":"KPHX","APT1_NAME":"Phoenix Sky Harbor Intl","APT1_LAANC":1,"AIRSPACE_1":"B","REGION":"Western"}},{"type":"Feature","id":43703,"geometry":{"type":"Polygon","coordinates":[[[-111.900013526545,33.4416720035533],[-111.900013526545,33.4500053388486],[-111.89168019225,33.4500053388486],[-111.89168019225,33.4416720035533],[-111.900013526545,33.4416720035533]]]},"properties":{"OBJECTID":43703,"CEILING":100,"UNIT":"Feet","MAP_EFF":"8/6/2026","LAST_EDIT":"10/27/2017","LATITUDE":33.44583867,"LONGITUDE":-111.89584685999999,"APT1_FAAID":"PHX","APT1_ICAO":"KPHX","APT1_NAME":"Phoenix Sky Harbor Intl","APT1_LAANC":1,"AIRSPACE_1":"B","REGION":"Western"}},{"type":"Feature","id":43016,"geometry":{"type":"Polygon","coordinates":[[[-112.058346892157,33.3916719937812],[-112.058346892157,33.4000053290765],[-112.050013556861,33.4000053290765],[-112.050013556861,33.3916719937812],[-112.058346892157,33.3916719937812]]]},"properties":{"OBJECTID":43016,"CEILING":100,"UNIT":"Feet","MAP_EFF":"8/6/2026","LAST_EDIT":"8/27/2020","LATITUDE":33.39583866,"LONGITUDE":-112.05418022,"APT1_FAAID":"PHX","APT1_ICAO":"KPHX","APT1_NAME":"Phoenix Sky Harbor Intl","APT1_LAANC":1,"AIRSPACE_1":"B","REGION":"Western"}},{"type":"Feature","id":43557,"geometry":{"type":"Polygon","coordinates":[[[-112.100013566633,33.4333386692579],[-112.100013566633,33.4416720035533],[-112.091680232338,33.4416720035533],[-112.091680232338,33.4333386692579],[-112.100013566633,33.4333386692579]]]},"properties":{"OBJECTID":43557,"CEILING":100,"UNIT":"Feet","MAP_EFF":"8/6/2026","LAST_EDIT":"5/8/2017","LATITUDE":33.43750534,"LONGITUDE":-112.0958469,"APT1_FAAID":"PHX","APT1_ICAO":"KPHX","APT1_NAME":"Phoenix Sky Harbor Intl","APT1_LAANC":1,"AIRSPACE_1":"B","REGION":"Western"}},{"type":"Feature","id":42916,"geometry":{"type":"Polygon","coordinates":[[[-112.100013566633,33.3833386594858],[-112.100013566633,33.3916719937812],[-112.091680232338,33.3916719937812],[-112.091680232338,33.3833386594858],[-112.100013566633,33.3833386594858]]]},"properties":{"OBJECTID":42916,"CEILING":100,"UNIT":"Feet","MAP_EFF":"8/6/2026","LAST_EDIT":"5/8/2017","LATITUDE":33.38750533,"LONGITUDE":-112.0958469,"APT1_FAAID":"PHX","APT1_ICAO":"KPHX","APT1_NAME":"Phoenix Sky Harbor Intl","APT1_LAANC":1,"AIRSPACE_1":"B","REGION":"Western"}},{"type":"Feature","id":42761,"geometry":{"type":"Polygon","coordinates":[[[-112.108346901929,33.3666719888952],[-112.108346901929,33.3750053241905],[-112.100013566633,33.3750053241905],[-112.100013566633,33.3666719888952],[-112.108346901929,33.3666719888952]]]},"properties":{"OBJECTID":42761,"CEILING":400,"UNIT":"Feet","MAP_EFF":"8/6/2026","LAST_EDIT":"5/8/2017","LATITUDE":33.370838660000004,"LONGITUDE":-112.10418023,"APT1_FAAID":"PHX","APT1_ICAO":"KPHX","APT1_NAME":"Phoenix Sky Harbor Intl","APT1_LAANC":1,"AIRSPACE_1":"B","REGION":"Western"}},{"type":"Feature","id":44974,"geometry":{"type":"Polygon","coordinates":[[[-111.933346866726,33.5500053593928],[-111.933346866726,33.5583386936881],[-111.925013532431,33.5583386936881],[-111.925013532431,33.5500053593928],[-111.933346866726,33.5500053593928]]]},"properties":{"OBJECTID":44974,"CEILING":300,"UNIT":"Feet","MAP_EFF":"8/6/2026","LAST_EDIT":"5/8/2017","LATITUDE":33.55417203,"LONGITUDE":-111.9291802,"APT1_FAAID":"SDL","APT1_ICAO":"KSDL","APT1_NAME":"Scottsdale","APT1_LAANC":1,"AIRSPACE_1":"D","REGION":"Western"}},{"type":"Feature","id":42767,"geometry":{"type":"Polygon","coordinates":[[[-111.90834686184,33.3666719888952],[-111.90834686184,33.3750053241905],[-111.900013526545,33.3750053241905],[-111.900013526545,33.3666719888952],[-111.90834686184,33.3666719888952]]]},"properties":{"OBJECTID":42767,"CEILING":400,"UNIT":"Feet","MAP_EFF":"8/6/2026","LAST_EDIT":"5/8/2017","LATITUDE":33.370838660000004,"LONGITUDE":-111.90418019,"APT1_FAAID":"PHX","APT1_ICAO":"KPHX","APT1_NAME":"Phoenix Sky Harbor Intl","APT1_LAANC":1,"AIRSPACE_1":"B","REGION":"Western"}},{"type":"Feature","id":43110,"geometry":{"type":"Polygon","coordinates":[[[-112.050013556861,33.4000053290765],[-112.050013556861,33.4083386643719],[-112.041680221566,33.4083386643719],[-112.041680221566,33.4000053290765],[-112.050013556861,33.4000053290765]]]},"properties":{"OBJECTID":43110,"CEILING":100,"UNIT":"Feet","MAP_EFF":"8/6/2026","LAST_EDIT":"5/8/2017","LATITUDE":33.404172,"LONGITUDE":-112.04584688999999,"APT1_FAAID":"PHX","APT1_ICAO":"KPHX","APT1_NAME":"Phoenix Sky Harbor Intl","APT1_LAANC":1,"AIRSPACE_1":"B","REGION":"Western"}},{"type":"Feature","id":43208,"geometry":{"type":"Polygon","coordinates":[[[-112.075013561747,33.4083386643719],[-112.075013561747,33.4166719986673],[-112.066680227452,33.4166719986673],[-112.066680227452,33.4083386643719],[-112.075013561747,33.4083386643719]]]},"properties":{"OBJECTID":43208,"CEILING":100,"UNIT":"Feet","MAP_EFF":"8/6/2026","LAST_EDIT":"5/8/2017","LATITUDE":33.41250533,"LONGITUDE":-112.07084689,"APT1_FAAID":"PHX","APT1_ICAO":"KPHX","APT1_NAME":"Phoenix Sky Harbor Intl","APT1_LAANC":1,"AIRSPACE_1":"B","REGION":"Western"}},{"type":"Feature","id":43454,"geometry":{"type":"Polygon","coordinates":[[[-111.983346877499,33.4250053339626],[-111.983346877499,33.4333386692579],[-111.975013542203,33.4333386692579],[-111.975013542203,33.4250053339626],[-111.983346877499,33.4250053339626]]]},"properties":{"OBJECTID":43454,"CEILING":0,"UNIT":"Feet","MAP_EFF":"8/6/2026","LAST_EDIT":"5/8/2017","LATITUDE":33.429172,"LONGITUDE":-111.97918021,"APT1_FAAID":"PHX","APT1_ICAO":"KPHX","APT1_NAME":"Phoenix Sky Harbor Intl","APT1_LAANC":1,"AIRSPACE_1":"B","REGION":"Western"}},{"type":"Feature","id":43697,"geometry":{"type":"Polygon","coordinates":[[[-111.958346871612,33.4416720035533],[-111.958346871612,33.4500053388486],[-111.950013537317,33.4500053388486],[-111.950013537317,33.4416720035533],[-111.958346871612,33.4416720035533]]]},"properties":{"OBJECTID":43697,"CEILING":0,"UNIT":"Feet","MAP_EFF":"8/6/2026","LAST_EDIT":"5/8/2017","LATITUDE":33.44583867,"LONGITUDE":-111.9541802,"APT1_FAAID":"PHX","APT1_ICAO":"KPHX","APT1_NAME":"Phoenix Sky Harbor Intl","APT1_LAANC":1,"AIRSPACE_1":"B","REGION":"Western"}},{"type":"Feature","id":43010,"geometry":{"type":"Polygon","coordinates":[[[-112.116680237224,33.3916719937812],[-112.116680237224,33.4000053290765],[-112.108346901929,33.4000053290765],[-112.108346901929,33.3916719937812],[-112.116680237224,33.3916719937812]]]},"properties":{"OBJECTID":43010,"CEILING":100,"UNIT":"Feet","MAP_EFF":"8/6/2026","LAST_EDIT":"5/8/2017","LATITUDE":33.39583866,"LONGITUDE":-112.11251356999999,"APT1_FAAID":"PHX","APT1_ICAO":"KPHX","APT1_NAME":"Phoenix Sky Harbor Intl","APT1_LAANC":1,"AIRSPACE_1":"B","REGION":"Western"}},{"type":"Feature","id":43797,"geometry":{"type":"Polygon","coordinates":[[[-112.083346897043,33.4500053388486],[-112.083346897043,33.458338674144],[-112.075013561747,33.458338674144],[-112.075013561747,33.4500053388486],[-112.083346897043,33.4500053388486]]]},"properties":{"OBJECTID":43797,"CEILING":100,"UNIT":"Feet","MAP_EFF":"8/6/2026","LAST_EDIT":"5/8/2017","LATITUDE":33.454172009999994,"LONGITUDE":-112.07918022999999,"APT1_FAAID":"PHX","APT1_ICAO":"KPHX","APT1_NAME":"Phoenix Sky Harbor Intl","APT1_LAANC":1,"AIRSPACE_1":"B","REGION":"Western"}},{"type":"Feature","id":336034,"geometry":{"type":"Polygon","coordinates":[[[-111.958346871612,33.4250053339626],[-111.958346871612,33.4333386692579],[-111.950013537317,33.4333386692579],[-111.950013537317,33.4250053339626],[-111.958346871612,33.4250053339626]]]},"properties":{"OBJECTID":336034,"CEILING":0,"UNIT":"Feet","MAP_EFF":"8/6/2026","LAST_EDIT":"5/8/2017","LATITUDE":33.429172,"LONGITUDE":-111.9541802,"APT1_FAAID":"PHX","APT1_ICAO":"KPHX","APT1_NAME":"Phoenix Sky Harbor Intl","APT1_LAANC":1,"AIRSPACE_1":"B","REGION":"Western"}},{"type":"Feature","id":43577,"geometry":{"type":"Polygon","coordinates":[[[-111.966680206908,33.4333386692579],[-111.966680206908,33.4416720035533],[-111.958346871612,33.4416720035533],[-111.958346871612,33.4333386692579],[-111.966680206908,33.4333386692579]]]},"properties":{"OBJECTID":43577,"CEILING":0,"UNIT":"Feet","MAP_EFF":"8/6/2026","LAST_EDIT":"5/8/2017","LATITUDE":33.43750534,"LONGITUDE":-111.96251354,"APT1_FAAID":"PHX","APT1_ICAO":"KPHX","APT1_NAME":"Phoenix Sky Harbor Intl","APT1_LAANC":1,"AIRSPACE_1":"B","REGION":"Western"}},{"type":"Feature","id":336174,"geometry":{"type":"Polygon","coordinates":[[[-112.14168024211,33.4916720143253],[-112.14168024211,33.5000053486207],[-112.133346906815,33.5000053486207],[-112.133346906815,33.4916720143253],[-112.14168024211,33.4916720143253]]]},"properties":{"OBJECTID":336174,"CEILING":300,"UNIT":"Feet","MAP_EFF":"8/6/2026","LAST_EDIT":"10/27/2017","LATITUDE":33.495838680000006,"LONGITUDE":-112.13751357,"APT1_FAAID":"PHX","APT1_ICAO":"KPHX","APT1_NAME":"Phoenix Sky Harbor Intl","APT1_LAANC":1,"AIRSPACE_1":"B","REGION":"Western"}},{"type":"Feature","id":43007,"geometry":{"type":"Polygon","coordinates":[[[-112.150013577406,33.3916719937812],[-112.150013577406,33.4000053290765],[-112.14168024211,33.4000053290765],[-112.14168024211,33.3916719937812],[-112.150013577406,33.3916719937812]]]},"properties":{"OBJECTID":43007,"CEILING":200,"UNIT":"Feet","MAP_EFF":"8/6/2026","LAST_EDIT":"5/8/2017","LATITUDE":33.39583866,"LONGITUDE":-112.14584690999999,"APT1_FAAID":"PHX","APT1_ICAO":"KPHX","APT1_NAME":"Phoenix Sky Harbor Intl","APT1_LAANC":1,"AIRSPACE_1":"B","REGION":"Western"}},{"type":"Feature","id":43222,"geometry":{"type":"Polygon","coordinates":[[[-111.950013537317,33.4083386643719],[-111.950013537317,33.4166719986673],[-111.941680202022,33.4166719986673],[-111.941680202022,33.4083386643719],[-111.950013537317,33.4083386643719]]]},"properties":{"OBJECTID":43222,"CEILING":100,"UNIT":"Feet","MAP_EFF":"8/6/2026","LAST_EDIT":"10/27/2017","LATITUDE":33.41250533,"LONGITUDE":-111.94584687000001,"APT1_FAAID":"PHX","APT1_ICAO":"KPHX","APT1_NAME":"Phoenix Sky Harbor Intl","APT1_LAANC":1,"AIRSPACE_1":"B","REGION":"Western"}},{"type":"Feature","id":336031,"geometry":{"type":"Polygon","coordinates":[[[-112.108346901929,33.4250053339626],[-112.108346901929,33.4333386692579],[-112.100013566633,33.4333386692579],[-112.100013566633,33.4250053339626],[-112.108346901929,33.4250053339626]]]},"properties":{"OBJECTID":336031,"CEILING":100,"UNIT":"Feet","MAP_EFF":"8/6/2026","LAST_EDIT":"5/8/2017","LATITUDE":33.429172,"LONGITUDE":-112.10418023,"APT1_FAAID":"PHX","APT1_ICAO":"KPHX","APT1_NAME":"Phoenix Sky Harbor Intl","APT1_LAANC":1,"AIRSPACE_1":"B","REGION":"Western"}},{"type":"Feature","id":43199,"geometry":{"type":"Polygon","coordinates":[[[-112.158346911701,33.4083386643719],[-112.158346911701,33.4166719986673],[-112.150013577406,33.4166719986673],[-112.150013577406,33.4083386643719],[-112.158346911701,33.4083386643719]]]},"properties":{"OBJECTID":43199,"CEILING":200,"UNIT":"Feet","MAP_EFF":"8/6/2026","LAST_EDIT":"10/27/2017","LATITUDE":33.41250533,"LONGITUDE":-112.15418024,"APT1_FAAID":"PHX","APT1_ICAO":"KPHX","APT1_NAME":"Phoenix Sky Harbor Intl","APT1_LAANC":1,"AIRSPACE_1":"B","REGION":"Western"}},{"type":"Feature","id":336125,"geometry":{"type":"Polygon","coordinates":[[[-112.158346911701,33.4666720094393],[-112.158346911701,33.4750053437347],[-112.150013577406,33.4750053437347],[-112.150013577406,33.4666720094393],[-112.158346911701,33.4666720094393]]]},"properties":{"OBJECTID":336125,"CEILING":300,"UNIT":"Feet","MAP_EFF":"8/6/2026","LAST_EDIT":"10/27/2017","LATITUDE":33.47083868,"LONGITUDE":-112.15418024,"APT1_FAAID":"PHX","APT1_ICAO":"KPHX","APT1_NAME":"Phoenix Sky Harbor Intl","APT1_LAANC":1,"AIRSPACE_1":"B","REGION":"Western"}},{"type":"Feature","id":336054,"geometry":{"type":"Polygon","coordinates":[[[-111.991680211794,33.4333386692579],[-111.991680211794,33.4416720035533],[-111.983346877499,33.4416720035533],[-111.983346877499,33.4333386692579],[-111.991680211794,33.4333386692579]]]},"properties":{"OBJECTID":336054,"CEILING":0,"UNIT":"Feet","MAP_EFF":"8/6/2026","LAST_EDIT":"5/8/2017","LATITUDE":33.43750534,"LONGITUDE":-111.98751354,"APT1_FAAID":"PHX","APT1_ICAO":"KPHX","APT1_NAME":"Phoenix Sky Harbor Intl","APT1_LAANC":1,"AIRSPACE_1":"B","REGION":"Western"}},{"type":"Feature","id":43434,"geometry":{"type":"Polygon","coordinates":[[[-112.116680237224,33.4250053339626],[-112.116680237224,33.4333386692579],[-112.108346901929,33.4333386692579],[-112.108346901929,33.4250053339626],[-112.116680237224,33.4250053339626]]]},"properties":{"OBJECTID":43434,"CEILING":100,"UNIT":"Feet","MAP_EFF":"8/6/2026","LAST_EDIT":"5/8/2017","LATITUDE":33.429172,"LONGITUDE":-112.11251356999999,"APT1_FAAID":"PHX","APT1_ICAO":"KPHX","APT1_NAME":"Phoenix Sky Harbor Intl","APT1_LAANC":1,"AIRSPACE_1":"B","REGION":"Western"}},{"type":"Feature","id":43912,"geometry":{"type":"Polygon","coordinates":[[[-112.166680246996,33.458338674144],[-112.166680246996,33.4666720094393],[-112.158346911701,33.4666720094393],[-112.158346911701,33.458338674144],[-112.166680246996,33.458338674144]]]},"properties":{"OBJECTID":43912,"CEILING":400,"UNIT":"Feet","MAP_EFF":"8/6/2026","LAST_EDIT":"8/17/2026","LATITUDE":33.46250534,"LONGITUDE":-112.16251358,"APT1_FAAID":"PHX","APT1_ICAO":"KPHX","APT1_NAME":"Phoenix Sky Harbor Intl","APT1_LAANC":1,"AIRSPACE_1":"B","REGION":"Western"}},{"type":"Feature","id":43906,"geometry":{"type":"Polygon","coordinates":[[[-112.050013556861,33.458338674144],[-112.050013556861,33.4666720094393],[-112.041680221566,33.4666720094393],[-112.041680221566,33.458338674144],[-112.050013556861,33.458338674144]]]},"properties":{"OBJECTID":43906,"CEILING":100,"UNIT":"Feet","MAP_EFF":"8/6/2026","LAST_EDIT":"5/8/2017","LATITUDE":33.46250534,"LONGITUDE":-112.04584688999999,"APT1_FAAID":"PHX","APT1_ICAO":"KPHX","APT1_NAME":"Phoenix Sky Harbor Intl","APT1_LAANC":1,"AIRSPACE_1":"B","REGION":"Western"}},{"type":"Feature","id":43099,"geometry":{"type":"Polygon","coordinates":[[[-112.158346911701,33.4000053290765],[-112.158346911701,33.4083386643719],[-112.150013577406,33.4083386643719],[-112.150013577406,33.4000053290765],[-112.158346911701,33.4000053290765]]]},"properties":{"OBJECTID":43099,"CEILING":200,"UNIT":"Feet","MAP_EFF":"8/6/2026","LAST_EDIT":"10/27/2017","LATITUDE":33.404172,"LONGITUDE":-112.15418024,"APT1_FAAID":"PHX","APT1_ICAO":"KPHX","APT1_NAME":"Phoenix Sky Harbor Intl","APT1_LAANC":1,"AIRSPACE_1":"B","REGION":"Western"}},{"type":"Feature","id":44006,"geometry":{"type":"Polygon","coordinates":[[[-112.125013571519,33.4666720094393],[-112.125013571519,33.4750053437347],[-112.116680237224,33.4750053437347],[-112.116680237224,33.4666720094393],[-112.125013571519,33.4666720094393]]]},"properties":{"OBJECTID":44006,"CEILING":300,"UNIT":"Feet","MAP_EFF":"8/6/2026","LAST_EDIT":"10/27/2017","LATITUDE":33.47083868,"LONGITUDE":-112.1208469,"APT1_FAAID":"PHX","APT1_ICAO":"KPHX","APT1_NAME":"Phoenix Sky Harbor Intl","APT1_LAANC":1,"AIRSPACE_1":"B","REGION":"Western"}},{"type":"Feature","id":43322,"geometry":{"type":"Polygon","coordinates":[[[-112.091680232338,33.4166719986673],[-112.091680232338,33.4250053339626],[-112.083346897043,33.4250053339626],[-112.083346897043,33.4166719986673],[-112.091680232338,33.4166719986673]]]},"properties":{"OBJECTID":43322,"CEILING":100,"UNIT":"Feet","MAP_EFF":"8/6/2026","LAST_EDIT":"5/8/2017","LATITUDE":33.42083867,"LONGITUDE":-112.08751356,"APT1_FAAID":"PHX","APT1_ICAO":"KPHX","APT1_NAME":"Phoenix Sky Harbor Intl","APT1_LAANC":1,"AIRSPACE_1":"B","REGION":"Western"}},{"type":"Feature","id":43571,"geometry":{"type":"Polygon","coordinates":[[[-112.025013551975,33.4333386692579],[-112.025013551975,33.4416720035533],[-112.01668021668,33.4416720035533],[-112.01668021668,33.4333386692579],[-112.025013551975,33.4333386692579]]]},"properties":{"OBJECTID":43571,"CEILING":0,"UNIT":"Feet","MAP_EFF":"8/6/2026","LAST_EDIT":"5/8/2017","LATITUDE":33.43750534,"LONGITUDE":-112.02084688,"APT1_FAAID":"PHX","APT1_ICAO":"KPHX","APT1_NAME":"Phoenix Sky Harbor Intl","APT1_LAANC":0,"AIRSPACE_1":"B","REGION":"Western"}},{"type":"Feature","id":126740,"geometry":{"type":"Polygon","coordinates":[[[-111.966680206908,33.4666720094393],[-111.966680206908,33.4750053437347],[-111.958346871612,33.4750053437347],[-111.958346871612,33.4666720094393],[-111.966680206908,33.4666720094393]]]},"properties":{"OBJECTID":126740,"CEILING":0,"UNIT":"Feet","MAP_EFF":"8/6/2026","LAST_EDIT":"8/17/2026","LATITUDE":33.47083868,"LONGITUDE":-111.96251354,"APT1_FAAID":"PHX","APT1_ICAO":"KPHX","APT1_NAME":"Phoenix Sky Harbor Intl","APT1_LAANC":1,"AIRSPACE_1":"B","REGION":"Western"}},{"type":"Feature","id":45243,"geometry":{"type":"Polygon","coordinates":[[[-111.950013537317,33.5666720289835],[-111.950013537317,33.5750053642788],[-111.941680202022,33.5750053642788],[-111.941680202022,33.5666720289835],[-111.950013537317,33.5666720289835]]]},"properties":{"OBJECTID":45243,"CEILING":200,"UNIT":"Feet","MAP_EFF":"8/6/2026","LAST_EDIT":"5/8/2017","LATITUDE":33.570838699999996,"LONGITUDE":-111.94584687000001,"APT1_FAAID":"SDL","APT1_ICAO":"KSDL","APT1_NAME":"Scottsdale","APT1_LAANC":1,"AIRSPACE_1":"D","REGION":"Western"}},{"type":"Feature","id":45741,"geometry":{"type":"Polygon","coordinates":[[[-111.958346871612,33.5916720338695],[-111.958346871612,33.6000053691649],[-111.950013537317,33.6000053691649],[-111.950013537317,33.5916720338695],[-111.958346871612,33.5916720338695]]]},"properties":{"OBJECTID":45741,"CEILING":200,"UNIT":"Feet","MAP_EFF":"8/6/2026","LAST_EDIT":"5/8/2017","LATITUDE":33.595838699999995,"LONGITUDE":-111.9541802,"APT1_FAAID":"SDL","APT1_ICAO":"KSDL","APT1_NAME":"Scottsdale","APT1_LAANC":1,"AIRSPACE_1":"D","REGION":"Western"}},{"type":"Feature","id":43677,"geometry":{"type":"Polygon","coordinates":[[[-112.100013566633,33.4416720035533],[-112.100013566633,33.4500053388486],[-112.091680232338,33.4500053388486],[-112.091680232338,33.4416720035533],[-112.100013566633,33.4416720035533]]]},"properties":{"OBJECTID":43677,"CEILING":100,"UNIT":"Feet","MAP_EFF":"8/6/2026","LAST_EDIT":"5/8/2017","LATITUDE":33.44583867,"LONGITUDE":-112.0958469,"APT1_FAAID":"PHX","APT1_ICAO":"KPHX","APT1_NAME":"Phoenix Sky Harbor Intl","APT1_LAANC":1,"AIRSPACE_1":"B","REGION":"Western"}},{"type":"Feature","id":42695,"geometry":{"type":"Polygon","coordinates":[[[-112.100013566633,33.3583386535998],[-112.100013566633,33.3666719888952],[-112.091680232338,33.3666719888952],[-112.091680232338,33.3583386535998],[-112.100013566633,33.3583386535998]]]},"properties":{"OBJECTID":42695,"CEILING":400,"UNIT":"Feet","MAP_EFF":"8/6/2026","LAST_EDIT":"5/8/2017","LATITUDE":33.36250532,"LONGITUDE":-112.0958469,"APT1_FAAID":"PHX","APT1_ICAO":"KPHX","APT1_NAME":"Phoenix Sky Harbor Intl","APT1_LAANC":1,"AIRSPACE_1":"B","REGION":"Western"}},{"type":"Feature","id":336297,"geometry":{"type":"Polygon","coordinates":[[[-112.14168024211,33.5000053486207],[-112.14168024211,33.5083386839161],[-112.133346906815,33.5083386839161],[-112.133346906815,33.5000053486207],[-112.14168024211,33.5000053486207]]]},"properties":{"OBJECTID":336297,"CEILING":300,"UNIT":"Feet","MAP_EFF":"8/6/2026","LAST_EDIT":"10/27/2017","LATITUDE":33.50417202,"LONGITUDE":-112.13751357,"APT1_FAAID":"PHX","APT1_ICAO":"KPHX","APT1_NAME":"Phoenix Sky Harbor Intl","APT1_LAANC":1,"AIRSPACE_1":"B","REGION":"Western"}},{"type":"Feature","id":44012,"geometry":{"type":"Polygon","coordinates":[[[-112.066680227452,33.4666720094393],[-112.066680227452,33.4750053437347],[-112.058346892157,33.4750053437347],[-112.058346892157,33.4666720094393],[-112.066680227452,33.4666720094393]]]},"properties":{"OBJECTID":44012,"CEILING":100,"UNIT":"Feet","MAP_EFF":"8/6/2026","LAST_EDIT":"5/8/2017","LATITUDE":33.47083868,"LONGITUDE":-112.06251356,"APT1_FAAID":"PHX","APT1_ICAO":"KPHX","APT1_NAME":"Phoenix Sky Harbor Intl","APT1_LAANC":1,"AIRSPACE_1":"B","REGION":"Western"}},{"type":"Feature","id":336011,"geometry":{"type":"Polygon","coordinates":[[[-112.066680227452,33.4166719986673],[-112.066680227452,33.4250053339626],[-112.058346892157,33.4250053339626],[-112.058346892157,33.4166719986673],[-112.066680227452,33.4166719986673]]]},"properties":{"OBJECTID":336011,"CEILING":0,"UNIT":"Feet","MAP_EFF":"8/6/2026","LAST_EDIT":"5/8/2017","LATITUDE":33.42083867,"LONGITUDE":-112.06251356,"APT1_FAAID":"PHX","APT1_ICAO":"KPHX","APT1_NAME":"Phoenix Sky Harbor Intl","APT1_LAANC":1,"AIRSPACE_1":"B","REGION":"Western"}},{"type":"Feature","id":336111,"geometry":{"type":"Polygon","coordinates":[[[-111.983346877499,33.458338674144],[-111.983346877499,33.4666720094393],[-111.975013542203,33.4666720094393],[-111.975013542203,33.458338674144],[-111.983346877499,33.458338674144]]]},"properties":{"OBJECTID":336111,"CEILING":100,"UNIT":"Feet","MAP_EFF":"8/6/2026","LAST_EDIT":"5/8/2017","LATITUDE":33.46250534,"LONGITUDE":-111.97918021,"APT1_FAAID":"PHX","APT1_ICAO":"KPHX","APT1_NAME":"Phoenix Sky Harbor Intl","APT1_LAANC":1,"AIRSPACE_1":"B","REGION":"Western"}},{"type":"Feature","id":44118,"geometry":{"type":"Polygon","coordinates":[[[-111.925013532431,33.4750053437347],[-111.925013532431,33.48333867903],[-111.916680197136,33.48333867903],[-111.916680197136,33.4750053437347],[-111.925013532431,33.4750053437347]]]},"properties":{"OBJECTID":44118,"CEILING":300,"UNIT":"Feet","MAP_EFF":"8/6/2026","LAST_EDIT":"10/27/2017","LATITUDE":33.47917201,"LONGITUDE":-111.92084686,"APT1_FAAID":"PHX","APT1_ICAO":"KPHX","APT1_NAME":"Phoenix Sky Harbor Intl","APT1_LAANC":1,"AIRSPACE_1":"B","REGION":"Western"}},{"type":"Feature","id":336303,"geometry":{"type":"Polygon","coordinates":[[[-111.916680197136,33.5000053486207],[-111.916680197136,33.5083386839161],[-111.90834686184,33.5083386839161],[-111.90834686184,33.5000053486207],[-111.916680197136,33.5000053486207]]]},"properties":{"OBJECTID":336303,"CEILING":400,"UNIT":"Feet","MAP_EFF":"8/6/2026","LAST_EDIT":"5/8/2017","LATITUDE":33.50417202,"LONGITUDE":-111.91251353,"APT1_FAAID":"PHX","APT1_ICAO":"KPHX","APT1_NAME":"Phoenix Sky Harbor Intl","APT1_LAANC":1,"AIRSPACE_1":"B","REGION":"Western"}},{"type":"Feature","id":44018,"geometry":{"type":"Polygon","coordinates":[[[-111.941680202022,33.4666720094393],[-111.941680202022,33.4750053437347],[-111.933346866726,33.4750053437347],[-111.933346866726,33.4666720094393],[-111.941680202022,33.4666720094393]]]},"properties":{"OBJECTID":44018,"CEILING":200,"UNIT":"Feet","MAP_EFF":"8/6/2026","LAST_EDIT":"5/8/2017","LATITUDE":33.47083868,"LONGITUDE":-111.93751353,"APT1_FAAID":"PHX","APT1_ICAO":"KPHX","APT1_NAME":"Phoenix Sky Harbor Intl","APT1_LAANC":1,"AIRSPACE_1":"B","REGION":"Western"}},{"type":"Feature","id":45100,"geometry":{"type":"Polygon","coordinates":[[[-111.933346866726,33.5583386936881],[-111.933346866726,33.5666720289835],[-111.925013532431,33.5666720289835],[-111.925013532431,33.5583386936881],[-111.933346866726,33.5583386936881]]]},"properties":{"OBJECTID":45100,"CEILING":300,"UNIT":"Feet","MAP_EFF":"8/6/2026","LAST_EDIT":"5/8/2017","LATITUDE":33.56250536,"LONGITUDE":-111.9291802,"APT1_FAAID":"SDL","APT1_ICAO":"KSDL","APT1_NAME":"Scottsdale","APT1_LAANC":1,"AIRSPACE_1":"D","REGION":"Western"}},{"type":"Feature","id":43328,"geometry":{"type":"Polygon","coordinates":[[[-112.033346887271,33.4166719986673],[-112.033346887271,33.4250053339626],[-112.025013551975,33.4250053339626],[-112.025013551975,33.4166719986673],[-112.033346887271,33.4166719986673]]]},"properties":{"OBJECTID":43328,"CEILING":0,"UNIT":"Feet","MAP_EFF":"8/6/2026","LAST_EDIT":"5/8/2017","LATITUDE":33.42083867,"LONGITUDE":-112.02918022,"APT1_FAAID":"PHX","APT1_ICAO":"KPHX","APT1_NAME":"Phoenix Sky Harbor Intl","APT1_LAANC":1,"AIRSPACE_1":"B","REGION":"Western"}},{"type":"Feature","id":336091,"geometry":{"type":"Polygon","coordinates":[[[-112.008346882385,33.4500053388486],[-112.008346882385,33.458338674144],[-112.000013547089,33.458338674144],[-112.000013547089,33.4500053388486],[-112.008346882385,33.4500053388486]]]},"properties":{"OBJECTID":336091,"CEILING":100,"UNIT":"Feet","MAP_EFF":"8/6/2026","LAST_EDIT":"5/8/2017","LATITUDE":33.454172009999994,"LONGITUDE":-112.00418020999999,"APT1_FAAID":"PHX","APT1_ICAO":"KPHX","APT1_NAME":"Phoenix Sky Harbor Intl","APT1_LAANC":1,"AIRSPACE_1":"B","REGION":"Western"}},{"type":"Feature","id":43019,"geometry":{"type":"Polygon","coordinates":[[[-111.950013537317,33.3916719937812],[-111.950013537317,33.4000053290765],[-111.941680202022,33.4000053290765],[-111.941680202022,33.3916719937812],[-111.950013537317,33.3916719937812]]]},"properties":{"OBJECTID":43019,"CEILING":100,"UNIT":"Feet","MAP_EFF":"8/6/2026","LAST_EDIT":"10/27/2017","LATITUDE":33.39583866,"LONGITUDE":-111.94584687000001,"APT1_FAAID":"PHX","APT1_ICAO":"KPHX","APT1_NAME":"Phoenix Sky Harbor Intl","APT1_LAANC":1,"AIRSPACE_1":"B","REGION":"Western"}},{"type":"Feature","id":44015,"geometry":{"type":"Polygon","coordinates":[[[-111.975013542203,33.4666720094393],[-111.975013542203,33.4750053437347],[-111.966680206908,33.4750053437347],[-111.966680206908,33.4666720094393],[-111.975013542203,33.4666720094393]]]},"properties":{"OBJECTID":44015,"CEILING":100,"UNIT":"Feet","MAP_EFF":"8/6/2026","LAST_EDIT":"5/8/2017","LATITUDE":33.47083868,"LONGITUDE":-111.97084687,"APT1_FAAID":"PHX","APT1_ICAO":"KPHX","APT1_NAME":"Phoenix Sky Harbor Intl","APT1_LAANC":1,"AIRSPACE_1":"B","REGION":"Western"}},{"type":"Feature","id":45558,"geometry":{"type":"Polygon","coordinates":[[[-111.950013537317,33.5833386985742],[-111.950013537317,33.5916720338695],[-111.941680202022,33.5916720338695],[-111.941680202022,33.5833386985742],[-111.950013537317,33.5833386985742]]]},"properties":{"OBJECTID":45558,"CEILING":100,"UNIT":"Feet","MAP_EFF":"8/6/2026","LAST_EDIT":"5/8/2017","LATITUDE":33.587505369999995,"LONGITUDE":-111.94584687000001,"APT1_FAAID":"SDL","APT1_ICAO":"KSDL","APT1_NAME":"Scottsdale","APT1_LAANC":1,"AIRSPACE_1":"D","REGION":"Western"}},{"type":"Feature","id":43113,"geometry":{"type":"Polygon","coordinates":[[[-111.966680206908,33.4000053290765],[-111.966680206908,33.4083386643719],[-111.958346871612,33.4083386643719],[-111.958346871612,33.4000053290765],[-111.966680206908,33.4000053290765]]]},"properties":{"OBJECTID":43113,"CEILING":100,"UNIT":"Feet","MAP_EFF":"8/6/2026","LAST_EDIT":"10/27/2017","LATITUDE":33.404172,"LONGITUDE":-111.96251354,"APT1_FAAID":"PHX","APT1_ICAO":"KPHX","APT1_NAME":"Phoenix Sky Harbor Intl","APT1_LAANC":1,"AIRSPACE_1":"B","REGION":"Western"}},{"type":"Feature","id":43445,"geometry":{"type":"Polygon","coordinates":[[[-112.066680227452,33.4250053339626],[-112.066680227452,33.4333386692579],[-112.058346892157,33.4333386692579],[-112.058346892157,33.4250053339626],[-112.066680227452,33.4250053339626]]]},"properties":{"OBJECTID":43445,"CEILING":0,"UNIT":"Feet","MAP_EFF":"8/6/2026","LAST_EDIT":"5/8/2017","LATITUDE":33.429172,"LONGITUDE":-112.06251356,"APT1_FAAID":"PHX","APT1_ICAO":"KPHX","APT1_NAME":"Phoenix Sky Harbor Intl","APT1_LAANC":1,"AIRSPACE_1":"B","REGION":"Western"}},{"type":"Feature","id":44109,"geometry":{"type":"Polygon","coordinates":[[[-112.100013566633,33.4750053437347],[-112.100013566633,33.48333867903],[-112.091680232338,33.48333867903],[-112.091680232338,33.4750053437347],[-112.100013566633,33.4750053437347]]]},"properties":{"OBJECTID":44109,"CEILING":300,"UNIT":"Feet","MAP_EFF":"8/6/2026","LAST_EDIT":"10/27/2017","LATITUDE":33.47917201,"LONGITUDE":-112.0958469,"APT1_FAAID":"PHX","APT1_ICAO":"KPHX","APT1_NAME":"Phoenix Sky Harbor Intl","APT1_LAANC":1,"AIRSPACE_1":"B","REGION":"Western"}},{"type":"Feature","id":42758,"geometry":{"type":"Polygon","coordinates":[[[-112.133346906815,33.3666719888952],[-112.133346906815,33.3750053241905],[-112.125013571519,33.3750053241905],[-112.125013571519,33.3666719888952],[-112.133346906815,33.3666719888952]]]},"properties":{"OBJECTID":42758,"CEILING":400,"UNIT":"Feet","MAP_EFF":"8/6/2026","LAST_EDIT":"5/8/2017","LATITUDE":33.370838660000004,"LONGITUDE":-112.12918024,"APT1_FAAID":"PHX","APT1_ICAO":"KPHX","APT1_NAME":"Phoenix Sky Harbor Intl","APT1_LAANC":1,"AIRSPACE_1":"B","REGION":"Western"}},{"type":"Feature","id":45389,"geometry":{"type":"Polygon","coordinates":[[[-111.983346877499,33.5750053642788],[-111.983346877499,33.5833386985742],[-111.975013542203,33.5833386985742],[-111.975013542203,33.5750053642788],[-111.983346877499,33.5750053642788]]]},"properties":{"OBJECTID":45389,"CEILING":300,"UNIT":"Feet","MAP_EFF":"8/6/2026","LAST_EDIT":"5/8/2017","LATITUDE":33.579172029999995,"LONGITUDE":-111.97918021,"APT1_FAAID":"SDL","APT1_ICAO":"KSDL","APT1_NAME":"Scottsdale","APT1_LAANC":1,"AIRSPACE_1":"D","REGION":"Western"}},{"type":"Feature","id":42827,"geometry":{"type":"Polygon","coordinates":[[[-112.166680246996,33.3750053241905],[-112.166680246996,33.3833386594858],[-112.158346911701,33.3833386594858],[-112.158346911701,33.3750053241905],[-112.166680246996,33.3750053241905]]]},"properties":{"OBJECTID":42827,"CEILING":400,"UNIT":"Feet","MAP_EFF":"8/6/2026","LAST_EDIT":"5/8/2017","LATITUDE":33.37917199,"LONGITUDE":-112.16251358,"APT1_FAAID":"PHX","APT1_ICAO":"KPHX","APT1_NAME":"Phoenix Sky Harbor Intl","APT1_LAANC":1,"AIRSPACE_1":"B","REGION":"Western"}},{"type":"Feature","id":43568,"geometry":{"type":"Polygon","coordinates":[[[-112.050013556861,33.4333386692579],[-112.050013556861,33.4416720035533],[-112.041680221566,33.4416720035533],[-112.041680221566,33.4333386692579],[-112.050013556861,33.4333386692579]]]},"properties":{"OBJECTID":43568,"CEILING":0,"UNIT":"Feet","MAP_EFF":"8/6/2026","LAST_EDIT":"5/8/2017","LATITUDE":33.43750534,"LONGITUDE":-112.04584688999999,"APT1_FAAID":"PHX","APT1_ICAO":"KPHX","APT1_NAME":"Phoenix Sky Harbor Intl","APT1_LAANC":1,"AIRSPACE_1":"B","REGION":"Western"}},{"type":"Feature","id":43806,"geometry":{"type":"Polygon","coordinates":[[[-111.991680211794,33.4500053388486],[-111.991680211794,33.458338674144],[-111.983346877499,33.458338674144],[-111.983346877499,33.4500053388486],[-111.991680211794,33.4500053388486]]]},"properties":{"OBJECTID":43806,"CEILING":100,"UNIT":"Feet","MAP_EFF":"8/6/2026","LAST_EDIT":"5/8/2017","LATITUDE":33.454172009999994,"LONGITUDE":-111.98751354,"APT1_FAAID":"PHX","APT1_ICAO":"KPHX","APT1_NAME":"Phoenix Sky Harbor Intl","APT1_LAANC":1,"AIRSPACE_1":"B","REGION":"Western"}},{"type":"Feature","id":43119,"geometry":{"type":"Polygon","coordinates":[[[-111.90834686184,33.4000053290765],[-111.90834686184,33.4083386643719],[-111.900013526545,33.4083386643719],[-111.900013526545,33.4000053290765],[-111.90834686184,33.4000053290765]]]},"properties":{"OBJECTID":43119,"CEILING":100,"UNIT":"Feet","MAP_EFF":"8/6/2026","LAST_EDIT":"10/27/2017","LATITUDE":33.404172,"LONGITUDE":-111.90418019,"APT1_FAAID":"PHX","APT1_ICAO":"KPHX","APT1_NAME":"Phoenix Sky Harbor Intl","APT1_LAANC":1,"AIRSPACE_1":"B","REGION":"Western"}},{"type":"Feature","id":335899,"geometry":{"type":"Polygon","coordinates":[[[-111.900013526545,33.3583386535998],[-111.900013526545,33.3666719888952],[-111.89168019225,33.3666719888952],[-111.89168019225,33.3583386535998],[-111.900013526545,33.3583386535998]]]},"properties":{"OBJECTID":335899,"CEILING":400,"UNIT":"Feet","MAP_EFF":"8/6/2026","LAST_EDIT":"5/8/2017","LATITUDE":33.36250532,"LONGITUDE":-111.89584685999999,"APT1_FAAID":"PHX","APT1_ICAO":"KPHX","APT1_NAME":"Phoenix Sky Harbor Intl","APT1_LAANC":1,"AIRSPACE_1":"B","REGION":"Western"}},{"type":"Feature","id":126230,"geometry":{"type":"Polygon","coordinates":[[[-112.175013582292,33.4500053388486],[-112.175013582292,33.458338674144],[-112.166680246996,33.458338674144],[-112.166680246996,33.4500053388486],[-112.175013582292,33.4500053388486]]]},"properties":{"OBJECTID":126230,"CEILING":400,"UNIT":"Feet","MAP_EFF":"8/6/2026","LAST_EDIT":"8/17/2026","LATITUDE":33.454172009999994,"LONGITUDE":-112.17084691,"APT1_FAAID":"PHX","APT1_ICAO":"KPHX","APT1_NAME":"Phoenix Sky Harbor Intl","APT1_LAANC":1,"AIRSPACE_1":"B","REGION":"Western"}},{"type":"Feature","id":43013,"geometry":{"type":"Polygon","coordinates":[[[-112.091680232338,33.3916719937812],[-112.091680232338,33.4000053290765],[-112.083346897043,33.4000053290765],[-112.083346897043,33.3916719937812],[-112.091680232338,33.3916719937812]]]},"properties":{"OBJECTID":43013,"CEILING":100,"UNIT":"Feet","MAP_EFF":"8/6/2026","LAST_EDIT":"5/8/2017","LATITUDE":33.39583866,"LONGITUDE":-112.08751356,"APT1_FAAID":"PHX","APT1_ICAO":"KPHX","APT1_NAME":"Phoenix Sky Harbor Intl","APT1_LAANC":1,"AIRSPACE_1":"B","REGION":"Western"}},{"type":"Feature","id":336074,"geometry":{"type":"Polygon","coordinates":[[[-111.991680211794,33.4416720035533],[-111.991680211794,33.4500053388486],[-111.983346877499,33.4500053388486],[-111.983346877499,33.4416720035533],[-111.991680211794,33.4416720035533]]]},"properties":{"OBJECTID":336074,"CEILING":0,"UNIT":"Feet","MAP_EFF":"8/6/2026","LAST_EDIT":"5/8/2017","LATITUDE":33.44583867,"LONGITUDE":-111.98751354,"APT1_FAAID":"PHX","APT1_ICAO":"KPHX","APT1_NAME":"Phoenix Sky Harbor Intl","APT1_LAANC":1,"AIRSPACE_1":"B","REGION":"Western"}},{"type":"Feature","id":43311,"geometry":{"type":"Polygon","coordinates":[[[-112.133346906815,33.4166719986673],[-112.133346906815,33.4250053339626],[-112.125013571519,33.4250053339626],[-112.125013571519,33.4166719986673],[-112.133346906815,33.4166719986673]]]},"properties":{"OBJECTID":43311,"CEILING":200,"UNIT":"Feet","MAP_EFF":"8/6/2026","LAST_EDIT":"5/8/2017","LATITUDE":33.42083867,"LONGITUDE":-112.12918024,"APT1_FAAID":"PHX","APT1_ICAO":"KPHX","APT1_NAME":"Phoenix Sky Harbor Intl","APT1_LAANC":1,"AIRSPACE_1":"B","REGION":"Western"}},{"type":"Feature","id":335991,"geometry":{"type":"Polygon","coordinates":[[[-112.041680221566,33.4083386643719],[-112.041680221566,33.4166719986673],[-112.033346887271,33.4166719986673],[-112.033346887271,33.4083386643719],[-112.041680221566,33.4083386643719]]]},"properties":{"OBJECTID":335991,"CEILING":100,"UNIT":"Feet","MAP_EFF":"8/6/2026","LAST_EDIT":"5/8/2017","LATITUDE":33.41250533,"LONGITUDE":-112.03751355,"APT1_FAAID":"PHX","APT1_ICAO":"KPHX","APT1_NAME":"Phoenix Sky Harbor Intl","APT1_LAANC":1,"AIRSPACE_1":"B","REGION":"Western"}},{"type":"Feature","id":43900,"geometry":{"type":"Polygon","coordinates":[[[-112.108346901929,33.458338674144],[-112.108346901929,33.4666720094393],[-112.100013566633,33.4666720094393],[-112.100013566633,33.458338674144],[-112.108346901929,33.458338674144]]]},"properties":{"OBJECTID":43900,"CEILING":100,"UNIT":"Feet","MAP_EFF":"8/6/2026","LAST_EDIT":"5/8/2017","LATITUDE":33.46250534,"LONGITUDE":-112.10418023,"APT1_FAAID":"PHX","APT1_ICAO":"KPHX","APT1_NAME":"Phoenix Sky Harbor Intl","APT1_LAANC":1,"AIRSPACE_1":"B","REGION":"Western"}},{"type":"Feature","id":335939,"geometry":{"type":"Polygon","coordinates":[[[-112.133346906815,33.3833386594858],[-112.133346906815,33.3916719937812],[-112.125013571519,33.3916719937812],[-112.125013571519,33.3833386594858],[-112.133346906815,33.3833386594858]]]},"properties":{"OBJECTID":335939,"CEILING":200,"UNIT":"Feet","MAP_EFF":"8/6/2026","LAST_EDIT":"5/8/2017","LATITUDE":33.38750533,"LONGITUDE":-112.12918024,"APT1_FAAID":"PHX","APT1_ICAO":"KPHX","APT1_NAME":"Phoenix Sky Harbor Intl","APT1_LAANC":1,"AIRSPACE_1":"B","REGION":"Western"}},{"type":"Feature","id":43800,"geometry":{"type":"Polygon","coordinates":[[[-112.050013556861,33.4500053388486],[-112.050013556861,33.458338674144],[-112.041680221566,33.458338674144],[-112.041680221566,33.4500053388486],[-112.050013556861,33.4500053388486]]]},"properties":{"OBJECTID":43800,"CEILING":100,"UNIT":"Feet","MAP_EFF":"8/6/2026","LAST_EDIT":"5/8/2017","LATITUDE":33.454172009999994,"LONGITUDE":-112.04584688999999,"APT1_FAAID":"PHX","APT1_ICAO":"KPHX","APT1_NAME":"Phoenix Sky Harbor Intl","APT1_LAANC":1,"AIRSPACE_1":"B","REGION":"Western"}},{"type":"Feature","id":43205,"geometry":{"type":"Polygon","coordinates":[[[-112.100013566633,33.4083386643719],[-112.100013566633,33.4166719986673],[-112.091680232338,33.4166719986673],[-112.091680232338,33.4083386643719],[-112.100013566633,33.4083386643719]]]},"properties":{"OBJECTID":43205,"CEILING":100,"UNIT":"Feet","MAP_EFF":"8/6/2026","LAST_EDIT":"5/8/2017","LATITUDE":33.41250533,"LONGITUDE":-112.0958469,"APT1_FAAID":"PHX","APT1_ICAO":"KPHX","APT1_NAME":"Phoenix Sky Harbor Intl","APT1_LAANC":1,"AIRSPACE_1":"B","REGION":"Western"}},{"type":"Feature","id":43451,"geometry":{"type":"Polygon","coordinates":[[[-112.008346882385,33.4250053339626],[-112.008346882385,33.4333386692579],[-112.000013547089,33.4333386692579],[-112.000013547089,33.4250053339626],[-112.008346882385,33.4250053339626]]]},"properties":{"OBJECTID":43451,"CEILING":0,"UNIT":"Feet","MAP_EFF":"8/6/2026","LAST_EDIT":"5/8/2017","LATITUDE":33.429172,"LONGITUDE":-112.00418020999999,"APT1_FAAID":"PHX","APT1_ICAO":"KPHX","APT1_NAME":"Phoenix Sky Harbor Intl","APT1_LAANC":0,"AIRSPACE_1":"B","REGION":"Western"}},{"type":"Feature","id":43700,"geometry":{"type":"Polygon","coordinates":[[[-111.933346866726,33.4416720035533],[-111.933346866726,33.4500053388486],[-111.925013532431,33.4500053388486],[-111.925013532431,33.4416720035533],[-111.933346866726,33.4416720035533]]]},"properties":{"OBJECTID":43700,"CEILING":100,"UNIT":"Feet","MAP_EFF":"8/6/2026","LAST_EDIT":"10/27/2017","LATITUDE":33.44583867,"LONGITUDE":-111.9291802,"APT1_FAAID":"PHX","APT1_ICAO":"KPHX","APT1_NAME":"Phoenix Sky Harbor Intl","APT1_LAANC":1,"AIRSPACE_1":"B","REGION":"Western"}},{"type":"Feature","id":42764,"geometry":{"type":"Polygon","coordinates":[[[-111.933346866726,33.3666719888952],[-111.933346866726,33.3750053241905],[-111.925013532431,33.3750053241905],[-111.925013532431,33.3666719888952],[-111.933346866726,33.3666719888952]]]},"properties":{"OBJECTID":42764,"CEILING":400,"UNIT":"Feet","MAP_EFF":"8/6/2026","LAST_EDIT":"5/8/2017","LATITUDE":33.370838660000004,"LONGITUDE":-111.9291802,"APT1_FAAID":"PHX","APT1_ICAO":"KPHX","APT1_NAME":"Phoenix Sky Harbor Intl","APT1_LAANC":1,"AIRSPACE_1":"B","REGION":"Western"}},{"type":"Feature","id":42913,"geometry":{"type":"Polygon","coordinates":[[[-112.125013571519,33.3833386594858],[-112.125013571519,33.3916719937812],[-112.116680237224,33.3916719937812],[-112.116680237224,33.3833386594858],[-112.125013571519,33.3833386594858]]]},"properties":{"OBJECTID":42913,"CEILING":200,"UNIT":"Feet","MAP_EFF":"8/6/2026","LAST_EDIT":"5/8/2017","LATITUDE":33.38750533,"LONGITUDE":-112.1208469,"APT1_FAAID":"PHX","APT1_ICAO":"KPHX","APT1_NAME":"Phoenix Sky Harbor Intl","APT1_LAANC":1,"AIRSPACE_1":"B","REGION":"Western"}},{"type":"Feature","id":336008,"geometry":{"type":"Polygon","coordinates":[[[-112.150013577406,33.4166719986673],[-112.150013577406,33.4250053339626],[-112.14168024211,33.4250053339626],[-112.14168024211,33.4166719986673],[-112.150013577406,33.4166719986673]]]},"properties":{"OBJECTID":336008,"CEILING":200,"UNIT":"Feet","MAP_EFF":"8/6/2026","LAST_EDIT":"5/8/2017","LATITUDE":33.42083867,"LONGITUDE":-112.14584690999999,"APT1_FAAID":"PHX","APT1_ICAO":"KPHX","APT1_NAME":"Phoenix Sky Harbor Intl","APT1_LAANC":1,"AIRSPACE_1":"B","REGION":"Western"}},{"type":"Feature","id":43909,"geometry":{"type":"Polygon","coordinates":[[[-112.025013551975,33.458338674144],[-112.025013551975,33.4666720094393],[-112.01668021668,33.4666720094393],[-112.01668021668,33.458338674144],[-112.025013551975,33.458338674144]]]},"properties":{"OBJECTID":43909,"CEILING":100,"UNIT":"Feet","MAP_EFF":"8/6/2026","LAST_EDIT":"5/8/2017","LATITUDE":33.46250534,"LONGITUDE":-112.02084688,"APT1_FAAID":"PHX","APT1_ICAO":"KPHX","APT1_NAME":"Phoenix Sky Harbor Intl","APT1_LAANC":1,"AIRSPACE_1":"B","REGION":"Western"}},{"type":"Feature","id":43554,"geometry":{"type":"Polygon","coordinates":[[[-112.125013571519,33.4333386692579],[-112.125013571519,33.4416720035533],[-112.116680237224,33.4416720035533],[-112.116680237224,33.4333386692579],[-112.125013571519,33.4333386692579]]]},"properties":{"OBJECTID":43554,"CEILING":200,"UNIT":"Feet","MAP_EFF":"8/6/2026","LAST_EDIT":"5/8/2017","LATITUDE":33.43750534,"LONGITUDE":-112.1208469,"APT1_FAAID":"PHX","APT1_ICAO":"KPHX","APT1_NAME":"Phoenix Sky Harbor Intl","APT1_LAANC":1,"AIRSPACE_1":"B","REGION":"Western"}},{"type":"Feature","id":43339,"geometry":{"type":"Polygon","coordinates":[[[-111.925013532431,33.4166719986673],[-111.925013532431,33.4250053339626],[-111.916680197136,33.4250053339626],[-111.916680197136,33.4166719986673],[-111.925013532431,33.4166719986673]]]},"properties":{"OBJECTID":43339,"CEILING":100,"UNIT":"Feet","MAP_EFF":"8/6/2026","LAST_EDIT":"10/27/2017","LATITUDE":33.42083867,"LONGITUDE":-111.92084686,"APT1_FAAID":"PHX","APT1_ICAO":"KPHX","APT1_NAME":"Phoenix Sky Harbor Intl","APT1_LAANC":1,"AIRSPACE_1":"B","REGION":"Western"}},{"type":"Feature","id":43694,"geometry":{"type":"Polygon","coordinates":[[[-111.983346877499,33.4416720035533],[-111.983346877499,33.4500053388486],[-111.975013542203,33.4500053388486],[-111.975013542203,33.4416720035533],[-111.983346877499,33.4416720035533]]]},"properties":{"OBJECTID":43694,"CEILING":0,"UNIT":"Feet","MAP_EFF":"8/6/2026","LAST_EDIT":"5/8/2017","LATITUDE":33.44583867,"LONGITUDE":-111.97918021,"APT1_FAAID":"PHX","APT1_ICAO":"KPHX","APT1_NAME":"Phoenix Sky Harbor Intl","APT1_LAANC":1,"AIRSPACE_1":"B","REGION":"Western"}},{"type":"Feature","id":336128,"geometry":{"type":"Polygon","coordinates":[[[-111.933346866726,33.4666720094393],[-111.933346866726,33.4750053437347],[-111.925013532431,33.4750053437347],[-111.925013532431,33.4666720094393],[-111.933346866726,33.4666720094393]]]},"properties":{"OBJECTID":336128,"CEILING":300,"UNIT":"Feet","MAP_EFF":"8/6/2026","LAST_EDIT":"10/27/2017","LATITUDE":33.47083868,"LONGITUDE":-111.9291802,"APT1_FAAID":"PHX","APT1_ICAO":"KPHX","APT1_NAME":"Phoenix Sky Harbor Intl","APT1_LAANC":1,"AIRSPACE_1":"B","REGION":"Western"}},{"type":"Feature","id":42698,"geometry":{"type":"Polygon","coordinates":[[[-111.916680197136,33.3583386535998],[-111.916680197136,33.3666719888952],[-111.90834686184,33.3666719888952],[-111.90834686184,33.3583386535998],[-111.916680197136,33.3583386535998]]]},"properties":{"OBJECTID":42698,"CEILING":400,"UNIT":"Feet","MAP_EFF":"8/6/2026","LAST_EDIT":"5/8/2017","LATITUDE":33.36250532,"LONGITUDE":-111.91251353,"APT1_FAAID":"PHX","APT1_ICAO":"KPHX","APT1_NAME":"Phoenix Sky Harbor Intl","APT1_LAANC":1,"AIRSPACE_1":"B","REGION":"Western"}},{"type":"Feature","id":44121,"geometry":{"type":"Polygon","coordinates":[[[-111.90834686184,33.4750053437347],[-111.90834686184,33.48333867903],[-111.900013526545,33.48333867903],[-111.900013526545,33.4750053437347],[-111.90834686184,33.4750053437347]]]},"properties":{"OBJECTID":44121,"CEILING":300,"UNIT":"Feet","MAP_EFF":"8/6/2026","LAST_EDIT":"10/27/2017","LATITUDE":33.47917201,"LONGITUDE":-111.90418019,"APT1_FAAID":"PHX","APT1_ICAO":"KPHX","APT1_NAME":"Phoenix Sky Harbor Intl","APT1_LAANC":1,"AIRSPACE_1":"B","REGION":"Western"}},{"type":"Feature","id":43102,"geometry":{"type":"Polygon","coordinates":[[[-112.133346906815,33.4000053290765],[-112.133346906815,33.4083386643719],[-112.125013571519,33.4083386643719],[-112.125013571519,33.4000053290765],[-112.133346906815,33.4000053290765]]]},"properties":{"OBJECTID":43102,"CEILING":200,"UNIT":"Feet","MAP_EFF":"8/6/2026","LAST_EDIT":"5/8/2017","LATITUDE":33.404172,"LONGITUDE":-112.12918024,"APT1_FAAID":"PHX","APT1_ICAO":"KPHX","APT1_NAME":"Phoenix Sky Harbor Intl","APT1_LAANC":1,"AIRSPACE_1":"B","REGION":"Western"}},{"type":"Feature","id":45240,"geometry":{"type":"Polygon","coordinates":[[[-111.975013542203,33.5666720289835],[-111.975013542203,33.5750053642788],[-111.966680206908,33.5750053642788],[-111.966680206908,33.5666720289835],[-111.975013542203,33.5666720289835]]]},"properties":{"OBJECTID":45240,"CEILING":300,"UNIT":"Feet","MAP_EFF":"8/6/2026","LAST_EDIT":"5/8/2017","LATITUDE":33.570838699999996,"LONGITUDE":-111.97084687,"APT1_FAAID":"SDL","APT1_ICAO":"KSDL","APT1_NAME":"Scottsdale","APT1_LAANC":1,"AIRSPACE_1":"D","REGION":"Western"}},{"type":"Feature","id":43809,"geometry":{"type":"Polygon","coordinates":[[[-111.966680206908,33.4500053388486],[-111.966680206908,33.458338674144],[-111.958346871612,33.458338674144],[-111.958346871612,33.4500053388486],[-111.966680206908,33.4500053388486]]]},"properties":{"OBJECTID":43809,"CEILING":100,"UNIT":"Feet","MAP_EFF":"8/6/2026","LAST_EDIT":"5/8/2017","LATITUDE":33.454172009999994,"LONGITUDE":-111.96251354,"APT1_FAAID":"PHX","APT1_ICAO":"KPHX","APT1_NAME":"Phoenix Sky Harbor Intl","APT1_LAANC":1,"AIRSPACE_1":"B","REGION":"Western"}},{"type":"Feature","id":44009,"geometry":{"type":"Polygon","coordinates":[[[-112.100013566633,33.4666720094393],[-112.100013566633,33.4750053437347],[-112.091680232338,33.4750053437347],[-112.091680232338,33.4666720094393],[-112.100013566633,33.4666720094393]]]},"properties":{"OBJECTID":44009,"CEILING":300,"UNIT":"Feet","MAP_EFF":"8/6/2026","LAST_EDIT":"10/27/2017","LATITUDE":33.47083868,"LONGITUDE":-112.0958469,"APT1_FAAID":"PHX","APT1_ICAO":"KPHX","APT1_NAME":"Phoenix Sky Harbor Intl","APT1_LAANC":1,"AIRSPACE_1":"B","REGION":"Western"}},{"type":"Feature","id":336051,"geometry":{"type":"Polygon","coordinates":[[[-112.14168024211,33.4333386692579],[-112.14168024211,33.4416720035533],[-112.133346906815,33.4416720035533],[-112.133346906815,33.4333386692579],[-112.14168024211,33.4333386692579]]]},"properties":{"OBJECTID":336051,"CEILING":200,"UNIT":"Feet","MAP_EFF":"8/6/2026","LAST_EDIT":"5/8/2017","LATITUDE":33.43750534,"LONGITUDE":-112.13751357,"APT1_FAAID":"PHX","APT1_ICAO":"KPHX","APT1_NAME":"Phoenix Sky Harbor Intl","APT1_LAANC":1,"AIRSPACE_1":"B","REGION":"Western"}},{"type":"Feature","id":336300,"geometry":{"type":"Polygon","coordinates":[[[-112.116680237224,33.5000053486207],[-112.116680237224,33.5083386839161],[-112.108346901929,33.5083386839161],[-112.108346901929,33.5000053486207],[-112.116680237224,33.5000053486207]]]},"properties":{"OBJECTID":336300,"CEILING":300,"UNIT":"Feet","MAP_EFF":"8/6/2026","LAST_EDIT":"10/27/2017","LATITUDE":33.50417202,"LONGITUDE":-112.11251356999999,"APT1_FAAID":"PHX","APT1_ICAO":"KPHX","APT1_NAME":"Phoenix Sky Harbor Intl","APT1_LAANC":1,"AIRSPACE_1":"B","REGION":"Western"}},{"type":"Feature","id":43680,"geometry":{"type":"Polygon","coordinates":[[[-112.066680227452,33.4416720035533],[-112.066680227452,33.4500053388486],[-112.058346892157,33.4500053388486],[-112.058346892157,33.4416720035533],[-112.066680227452,33.4416720035533]]]},"properties":{"OBJECTID":43680,"CEILING":0,"UNIT":"Feet","MAP_EFF":"8/6/2026","LAST_EDIT":"5/8/2017","LATITUDE":33.44583867,"LONGITUDE":-112.06251356,"APT1_FAAID":"PHX","APT1_ICAO":"KPHX","APT1_NAME":"Phoenix Sky Harbor Intl","APT1_LAANC":1,"AIRSPACE_1":"B","REGION":"Western"}},{"type":"Feature","id":43225,"geometry":{"type":"Polygon","coordinates":[[[-111.925013532431,33.4083386643719],[-111.925013532431,33.4166719986673],[-111.916680197136,33.4166719986673],[-111.916680197136,33.4083386643719],[-111.925013532431,33.4083386643719]]]},"properties":{"OBJECTID":43225,"CEILING":100,"UNIT":"Feet","MAP_EFF":"8/6/2026","LAST_EDIT":"10/27/2017","LATITUDE":33.41250533,"LONGITUDE":-111.92084686,"APT1_FAAID":"PHX","APT1_ICAO":"KPHX","APT1_NAME":"Phoenix Sky Harbor Intl","APT1_LAANC":1,"AIRSPACE_1":"B","REGION":"Western"}},{"type":"Feature","id":42833,"geometry":{"type":"Polygon","coordinates":[[[-112.116680237224,33.3750053241905],[-112.116680237224,33.3833386594858],[-112.108346901929,33.3833386594858],[-112.108346901929,33.3750053241905],[-112.116680237224,33.3750053241905]]]},"properties":{"OBJECTID":42833,"CEILING":400,"UNIT":"Feet","MAP_EFF":"8/6/2026","LAST_EDIT":"5/8/2017","LATITUDE":33.37917199,"LONGITUDE":-112.11251356999999,"APT1_FAAID":"PHX","APT1_ICAO":"KPHX","APT1_NAME":"Phoenix Sky Harbor Intl","APT1_LAANC":1,"AIRSPACE_1":"B","REGION":"Western"}},{"type":"Feature","id":43325,"geometry":{"type":"Polygon","coordinates":[[[-112.058346892157,33.4166719986673],[-112.058346892157,33.4250053339626],[-112.050013556861,33.4250053339626],[-112.050013556861,33.4166719986673],[-112.058346892157,33.4166719986673]]]},"properties":{"OBJECTID":43325,"CEILING":0,"UNIT":"Feet","MAP_EFF":"8/6/2026","LAST_EDIT":"5/8/2017","LATITUDE":33.42083867,"LONGITUDE":-112.05418022,"APT1_FAAID":"PHX","APT1_ICAO":"KPHX","APT1_NAME":"Phoenix Sky Harbor Intl","APT1_LAANC":1,"AIRSPACE_1":"B","REGION":"Western"}},{"type":"Feature","id":43331,"geometry":{"type":"Polygon","coordinates":[[[-112.008346882385,33.4166719986673],[-112.008346882385,33.4250053339626],[-112.000013547089,33.4250053339626],[-112.000013547089,33.4166719986673],[-112.008346882385,33.4166719986673]]]},"properties":{"OBJECTID":43331,"CEILING":0,"UNIT":"Feet","MAP_EFF":"8/6/2026","LAST_EDIT":"5/8/2017","LATITUDE":33.42083867,"LONGITUDE":-112.00418020999999,"APT1_FAAID":"PHX","APT1_ICAO":"KPHX","APT1_NAME":"Phoenix Sky Harbor Intl","APT1_LAANC":1,"AIRSPACE_1":"B","REGION":"Western"}},{"type":"Feature","id":43580,"geometry":{"type":"Polygon","coordinates":[[[-111.941680202022,33.4333386692579],[-111.941680202022,33.4416720035533],[-111.933346866726,33.4416720035533],[-111.933346866726,33.4333386692579],[-111.941680202022,33.4333386692579]]]},"properties":{"OBJECTID":43580,"CEILING":100,"UNIT":"Feet","MAP_EFF":"8/6/2026","LAST_EDIT":"5/8/2017","LATITUDE":33.43750534,"LONGITUDE":-111.93751353,"APT1_FAAID":"PHX","APT1_ICAO":"KPHX","APT1_NAME":"Phoenix Sky Harbor Intl","APT1_LAANC":1,"AIRSPACE_1":"B","REGION":"Western"}},{"type":"Feature","id":43574,"geometry":{"type":"Polygon","coordinates":[[[-112.000013547089,33.4333386692579],[-112.000013547089,33.4416720035533],[-111.991680211794,33.4416720035533],[-111.991680211794,33.4333386692579],[-112.000013547089,33.4333386692579]]]},"properties":{"OBJECTID":43574,"CEILING":0,"UNIT":"Feet","MAP_EFF":"8/6/2026","LAST_EDIT":"5/8/2017","LATITUDE":33.43750534,"LONGITUDE":-111.99584688,"APT1_FAAID":"PHX","APT1_ICAO":"KPHX","APT1_NAME":"Phoenix Sky Harbor Intl","APT1_LAANC":0,"AIRSPACE_1":"B","REGION":"Western"}},{"type":"Feature","id":45246,"geometry":{"type":"Polygon","coordinates":[[[-111.916680197136,33.5666720289835],[-111.916680197136,33.5750053642788],[-111.90834686184,33.5750053642788],[-111.90834686184,33.5666720289835],[-111.916680197136,33.5666720289835]]]},"properties":{"OBJECTID":45246,"CEILING":200,"UNIT":"Feet","MAP_EFF":"8/6/2026","LAST_EDIT":"5/8/2017","LATITUDE":33.570838699999996,"LONGITUDE":-111.91251353,"APT1_FAAID":"SDL","APT1_ICAO":"KSDL","APT1_NAME":"Scottsdale","APT1_LAANC":1,"AIRSPACE_1":"D","REGION":"Western"}},{"type":"Feature","id":45738,"geometry":{"type":"Polygon","coordinates":[[[-111.991680211794,33.5916720338695],[-111.991680211794,33.6000053691649],[-111.983346877499,33.6000053691649],[-111.983346877499,33.5916720338695],[-111.991680211794,33.5916720338695]]]},"properties":{"OBJECTID":45738,"CEILING":300,"UNIT":"Feet","MAP_EFF":"8/6/2026","LAST_EDIT":"5/8/2017","LATITUDE":33.595838699999995,"LONGITUDE":-111.98751354,"APT1_FAAID":"SDL","APT1_ICAO":"KSDL","APT1_NAME":"Scottsdale","APT1_LAANC":1,"AIRSPACE_1":"D","REGION":"Western"}},{"type":"Feature","id":45744,"geometry":{"type":"Polygon","coordinates":[[[-111.933346866726,33.5916720338695],[-111.933346866726,33.6000053691649],[-111.925013532431,33.6000053691649],[-111.925013532431,33.5916720338695],[-111.933346866726,33.5916720338695]]]},"properties":{"OBJECTID":45744,"CEILING":100,"UNIT":"Feet","MAP_EFF":"8/6/2026","LAST_EDIT":"5/8/2017","LATITUDE":33.595838699999995,"LONGITUDE":-111.9291802,"APT1_FAAID":"SDL","APT1_ICAO":"KSDL","APT1_NAME":"Scottsdale","APT1_LAANC":1,"AIRSPACE_1":"D","REGION":"Western"}},{"type":"Feature","id":43431,"geometry":{"type":"Polygon","coordinates":[[[-112.14168024211,33.4250053339626],[-112.14168024211,33.4333386692579],[-112.133346906815,33.4333386692579],[-112.133346906815,33.4250053339626],[-112.14168024211,33.4250053339626]]]},"properties":{"OBJECTID":43431,"CEILING":200,"UNIT":"Feet","MAP_EFF":"8/6/2026","LAST_EDIT":"5/8/2017","LATITUDE":33.429172,"LONGITUDE":-112.13751357,"APT1_FAAID":"PHX","APT1_ICAO":"KPHX","APT1_NAME":"Phoenix Sky Harbor Intl","APT1_LAANC":1,"AIRSPACE_1":"B","REGION":"Western"}},{"type":"Feature","id":45097,"geometry":{"type":"Polygon","coordinates":[[[-111.958346871612,33.5583386936881],[-111.958346871612,33.5666720289835],[-111.950013537317,33.5666720289835],[-111.950013537317,33.5583386936881],[-111.958346871612,33.5583386936881]]]},"properties":{"OBJECTID":45097,"CEILING":300,"UNIT":"Feet","MAP_EFF":"8/6/2026","LAST_EDIT":"5/8/2017","LATITUDE":33.56250536,"LONGITUDE":-111.9541802,"APT1_FAAID":"SDL","APT1_ICAO":"KSDL","APT1_NAME":"Scottsdale","APT1_LAANC":1,"AIRSPACE_1":"D","REGION":"Western"}},{"type":"Feature","id":43923,"geometry":{"type":"Polygon","coordinates":[[[-111.925013532431,33.458338674144],[-111.925013532431,33.4666720094393],[-111.916680197136,33.4666720094393],[-111.916680197136,33.458338674144],[-111.925013532431,33.458338674144]]]},"properties":{"OBJECTID":43923,"CEILING":100,"UNIT":"Feet","MAP_EFF":"8/6/2026","LAST_EDIT":"10/27/2017","LATITUDE":33.46250534,"LONGITUDE":-111.92084686,"APT1_FAAID":"PHX","APT1_ICAO":"KPHX","APT1_NAME":"Phoenix Sky Harbor Intl","APT1_LAANC":1,"AIRSPACE_1":"B","REGION":"Western"}},{"type":"Feature","id":44115,"geometry":{"type":"Polygon","coordinates":[[[-111.958346871612,33.4750053437347],[-111.958346871612,33.48333867903],[-111.950013537317,33.48333867903],[-111.950013537317,33.4750053437347],[-111.958346871612,33.4750053437347]]]},"properties":{"OBJECTID":44115,"CEILING":100,"UNIT":"Feet","MAP_EFF":"8/6/2026","LAST_EDIT":"5/8/2017","LATITUDE":33.47917201,"LONGITUDE":-111.9541802,"APT1_FAAID":"PHX","APT1_ICAO":"KPHX","APT1_NAME":"Phoenix Sky Harbor Intl","APT1_LAANC":1,"AIRSPACE_1":"B","REGION":"Western"}},{"type":"Feature","id":126545,"geometry":{"type":"Polygon","coordinates":[[[-112.175013582292,33.4000053290765],[-112.175013582292,33.4083386643719],[-112.166680246996,33.4083386643719],[-112.166680246996,33.4000053290765],[-112.175013582292,33.4000053290765]]]},"properties":{"OBJECTID":126545,"CEILING":400,"UNIT":"Feet","MAP_EFF":"8/6/2026","LAST_EDIT":"8/17/2026","LATITUDE":33.404172,"LONGITUDE":-112.17084691,"APT1_FAAID":"PHX","APT1_ICAO":"KPHX","APT1_NAME":"Phoenix Sky Harbor Intl","APT1_LAANC":1,"AIRSPACE_1":"B","REGION":"Western"}},{"type":"Feature","id":43674,"geometry":{"type":"Polygon","coordinates":[[[-112.125013571519,33.4416720035533],[-112.125013571519,33.4500053388486],[-112.116680237224,33.4500053388486],[-112.116680237224,33.4416720035533],[-112.125013571519,33.4416720035533]]]},"properties":{"OBJECTID":43674,"CEILING":200,"UNIT":"Feet","MAP_EFF":"8/6/2026","LAST_EDIT":"5/8/2017","LATITUDE":33.44583867,"LONGITUDE":-112.1208469,"APT1_FAAID":"PHX","APT1_ICAO":"KPHX","APT1_NAME":"Phoenix Sky Harbor Intl","APT1_LAANC":1,"AIRSPACE_1":"B","REGION":"Western"}},{"type":"Feature","id":336108,"geometry":{"type":"Polygon","coordinates":[[[-112.075013561747,33.458338674144],[-112.075013561747,33.4666720094393],[-112.066680227452,33.4666720094393],[-112.066680227452,33.458338674144],[-112.075013561747,33.458338674144]]]},"properties":{"OBJECTID":336108,"CEILING":100,"UNIT":"Feet","MAP_EFF":"8/6/2026","LAST_EDIT":"5/8/2017","LATITUDE":33.46250534,"LONGITUDE":-112.07084689,"APT1_FAAID":"PHX","APT1_ICAO":"KPHX","APT1_NAME":"Phoenix Sky Harbor Intl","APT1_LAANC":1,"AIRSPACE_1":"B","REGION":"Western"}},{"type":"Feature","id":44215,"geometry":{"type":"Polygon","coordinates":[[[-112.075013561747,33.48333867903],[-112.075013561747,33.4916720143253],[-112.066680227452,33.4916720143253],[-112.066680227452,33.48333867903],[-112.075013561747,33.48333867903]]]},"properties":{"OBJECTID":44215,"CEILING":300,"UNIT":"Feet","MAP_EFF":"8/6/2026","LAST_EDIT":"10/27/2017","LATITUDE":33.48750535,"LONGITUDE":-112.07084689,"APT1_FAAID":"PHX","APT1_ICAO":"KPHX","APT1_NAME":"Phoenix Sky Harbor Intl","APT1_LAANC":1,"AIRSPACE_1":"B","REGION":"Western"}},{"type":"Feature","id":42759,"geometry":{"type":"Polygon","coordinates":[[[-112.125013571519,33.3666719888952],[-112.125013571519,33.3750053241905],[-112.116680237224,33.3750053241905],[-112.116680237224,33.3666719888952],[-112.125013571519,33.3666719888952]]]},"properties":{"OBJECTID":42759,"CEILING":400,"UNIT":"Feet","MAP_EFF":"8/6/2026","LAST_EDIT":"5/8/2017","LATITUDE":33.370838660000004,"LONGITUDE":-112.1208469,"APT1_FAAID":"PHX","APT1_ICAO":"KPHX","APT1_NAME":"Phoenix Sky Harbor Intl","APT1_LAANC":1,"AIRSPACE_1":"B","REGION":"Western"}},{"type":"Feature","id":336186,"geometry":{"type":"Polygon","coordinates":[[[-111.900013526545,33.4916720143253],[-111.900013526545,33.5000053486207],[-111.89168019225,33.5000053486207],[-111.89168019225,33.4916720143253],[-111.900013526545,33.4916720143253]]]},"properties":{"OBJECTID":336186,"CEILING":300,"UNIT":"Feet","MAP_EFF":"8/6/2026","LAST_EDIT":"10/27/2017","LATITUDE":33.495838680000006,"LONGITUDE":-111.89584685999999,"APT1_FAAID":"PHX","APT1_ICAO":"KPHX","APT1_NAME":"Phoenix Sky Harbor Intl","APT1_LAANC":1,"AIRSPACE_1":"B","REGION":"Western"}},{"type":"Feature","id":45747,"geometry":{"type":"Polygon","coordinates":[[[-111.90834686184,33.5916720338695],[-111.90834686184,33.6000053691649],[-111.900013526545,33.6000053691649],[-111.900013526545,33.5916720338695],[-111.90834686184,33.5916720338695]]]},"properties":{"OBJECTID":45747,"CEILING":100,"UNIT":"Feet","MAP_EFF":"8/6/2026","LAST_EDIT":"5/8/2017","LATITUDE":33.595838699999995,"LONGITUDE":-111.90418019,"APT1_FAAID":"SDL","APT1_ICAO":"KSDL","APT1_NAME":"Scottsdale","APT1_LAANC":1,"AIRSPACE_1":"D","REGION":"Western"}},{"type":"Feature","id":126640,"geometry":{"type":"Polygon","coordinates":[[[-112.166680246996,33.4000053290765],[-112.166680246996,33.4083386643719],[-112.158346911701,33.4083386643719],[-112.158346911701,33.4000053290765],[-112.166680246996,33.4000053290765]]]},"properties":{"OBJECTID":126640,"CEILING":400,"UNIT":"Feet","MAP_EFF":"8/6/2026","LAST_EDIT":"8/17/2026","LATITUDE":33.404172,"LONGITUDE":-112.16251358,"APT1_FAAID":"PHX","APT1_ICAO":"KPHX","APT1_NAME":"Phoenix Sky Harbor Intl","APT1_LAANC":1,"AIRSPACE_1":"B","REGION":"Western"}},{"type":"Feature","id":43801,"geometry":{"type":"Polygon","coordinates":[[[-112.041680221566,33.4500053388486],[-112.041680221566,33.458338674144],[-112.033346887271,33.458338674144],[-112.033346887271,33.4500053388486],[-112.041680221566,33.4500053388486]]]},"properties":{"OBJECTID":43801,"CEILING":100,"UNIT":"Feet","MAP_EFF":"8/6/2026","LAST_EDIT":"5/8/2017","LATITUDE":33.454172009999994,"LONGITUDE":-112.03751355,"APT1_FAAID":"PHX","APT1_ICAO":"KPHX","APT1_NAME":"Phoenix Sky Harbor Intl","APT1_LAANC":1,"AIRSPACE_1":"B","REGION":"Western"}},{"type":"Feature","id":43114,"geometry":{"type":"Polygon","coordinates":[[[-111.958346871612,33.4000053290765],[-111.958346871612,33.4083386643719],[-111.950013537317,33.4083386643719],[-111.950013537317,33.4000053290765],[-111.958346871612,33.4000053290765]]]},"properties":{"OBJECTID":43114,"CEILING":100,"UNIT":"Feet","MAP_EFF":"8/6/2026","LAST_EDIT":"10/27/2017","LATITUDE":33.404172,"LONGITUDE":-111.9541802,"APT1_FAAID":"PHX","APT1_ICAO":"KPHX","APT1_NAME":"Phoenix Sky Harbor Intl","APT1_LAANC":1,"AIRSPACE_1":"B","REGION":"Western"}},{"type":"Feature","id":43446,"geometry":{"type":"Polygon","coordinates":[[[-112.058346892157,33.4250053339626],[-112.058346892157,33.4333386692579],[-112.050013556861,33.4333386692579],[-112.050013556861,33.4250053339626],[-112.058346892157,33.4250053339626]]]},"properties":{"OBJECTID":43446,"CEILING":0,"UNIT":"Feet","MAP_EFF":"8/6/2026","LAST_EDIT":"5/8/2017","LATITUDE":33.429172,"LONGITUDE":-112.05418022,"APT1_FAAID":"PHX","APT1_ICAO":"KPHX","APT1_NAME":"Phoenix Sky Harbor Intl","APT1_LAANC":1,"AIRSPACE_1":"B","REGION":"Western"}},{"type":"Feature","id":44110,"geometry":{"type":"Polygon","coordinates":[[[-112.091680232338,33.4750053437347],[-112.091680232338,33.48333867903],[-112.083346897043,33.48333867903],[-112.083346897043,33.4750053437347],[-112.091680232338,33.4750053437347]]]},"properties":{"OBJECTID":44110,"CEILING":300,"UNIT":"Feet","MAP_EFF":"8/6/2026","LAST_EDIT":"10/27/2017","LATITUDE":33.47917201,"LONGITUDE":-112.08751356,"APT1_FAAID":"PHX","APT1_ICAO":"KPHX","APT1_NAME":"Phoenix Sky Harbor Intl","APT1_LAANC":1,"AIRSPACE_1":"B","REGION":"Western"}},{"type":"Feature","id":45106,"geometry":{"type":"Polygon","coordinates":[[[-111.900013526545,33.5583386936881],[-111.900013526545,33.5666720289835],[-111.89168019225,33.5666720289835],[-111.89168019225,33.5583386936881],[-111.900013526545,33.5583386936881]]]},"properties":{"OBJECTID":45106,"CEILING":300,"UNIT":"Feet","MAP_EFF":"8/6/2026","LAST_EDIT":"5/8/2017","LATITUDE":33.56250536,"LONGITUDE":-111.89584685999999,"APT1_FAAID":"SDL","APT1_ICAO":"KSDL","APT1_NAME":"Scottsdale","APT1_LAANC":1,"AIRSPACE_1":"D","REGION":"Western"}},{"type":"Feature","id":42922,"geometry":{"type":"Polygon","coordinates":[[[-111.941680202022,33.3833386594858],[-111.941680202022,33.3916719937812],[-111.933346866726,33.3916719937812],[-111.933346866726,33.3833386594858],[-111.941680202022,33.3833386594858]]]},"properties":{"OBJECTID":42922,"CEILING":100,"UNIT":"Feet","MAP_EFF":"8/6/2026","LAST_EDIT":"10/27/2017","LATITUDE":33.38750533,"LONGITUDE":-111.93751353,"APT1_FAAID":"PHX","APT1_ICAO":"KPHX","APT1_NAME":"Phoenix Sky Harbor Intl","APT1_LAANC":1,"AIRSPACE_1":"B","REGION":"Western"}},{"type":"Feature","id":42828,"geometry":{"type":"Polygon","coordinates":[[[-112.158346911701,33.3750053241905],[-112.158346911701,33.3833386594858],[-112.150013577406,33.3833386594858],[-112.150013577406,33.3750053241905],[-112.158346911701,33.3750053241905]]]},"properties":{"OBJECTID":42828,"CEILING":400,"UNIT":"Feet","MAP_EFF":"8/6/2026","LAST_EDIT":"5/8/2017","LATITUDE":33.37917199,"LONGITUDE":-112.15418024,"APT1_FAAID":"PHX","APT1_ICAO":"KPHX","APT1_NAME":"Phoenix Sky Harbor Intl","APT1_LAANC":1,"AIRSPACE_1":"B","REGION":"Western"}},{"type":"Feature","id":43022,"geometry":{"type":"Polygon","coordinates":[[[-111.916680197136,33.3916719937812],[-111.916680197136,33.4000053290765],[-111.90834686184,33.4000053290765],[-111.90834686184,33.3916719937812],[-111.916680197136,33.3916719937812]]]},"properties":{"OBJECTID":43022,"CEILING":100,"UNIT":"Feet","MAP_EFF":"8/6/2026","LAST_EDIT":"10/27/2017","LATITUDE":33.39583866,"LONGITUDE":-111.91251353,"APT1_FAAID":"PHX","APT1_ICAO":"KPHX","APT1_NAME":"Phoenix Sky Harbor Intl","APT1_LAANC":1,"AIRSPACE_1":"B","REGION":"Western"}},{"type":"Feature","id":43014,"geometry":{"type":"Polygon","coordinates":[[[-112.083346897043,33.3916719937812],[-112.083346897043,33.4000053290765],[-112.075013561747,33.4000053290765],[-112.075013561747,33.3916719937812],[-112.083346897043,33.3916719937812]]]},"properties":{"OBJECTID":43014,"CEILING":100,"UNIT":"Feet","MAP_EFF":"8/6/2026","LAST_EDIT":"5/8/2017","LATITUDE":33.39583866,"LONGITUDE":-112.07918022999999,"APT1_FAAID":"PHX","APT1_ICAO":"KPHX","APT1_NAME":"Phoenix Sky Harbor Intl","APT1_LAANC":1,"AIRSPACE_1":"B","REGION":"Western"}},{"type":"Feature","id":336180,"geometry":{"type":"Polygon","coordinates":[[[-112.100013566633,33.4916720143253],[-112.100013566633,33.5000053486207],[-112.091680232338,33.5000053486207],[-112.091680232338,33.4916720143253],[-112.100013566633,33.4916720143253]]]},"properties":{"OBJECTID":336180,"CEILING":300,"UNIT":"Feet","MAP_EFF":"8/6/2026","LAST_EDIT":"10/27/2017","LATITUDE":33.495838680000006,"LONGITUDE":-112.0958469,"APT1_FAAID":"PHX","APT1_ICAO":"KPHX","APT1_NAME":"Phoenix Sky Harbor Intl","APT1_LAANC":1,"AIRSPACE_1":"B","REGION":"Western"}},{"type":"Feature","id":42765,"geometry":{"type":"Polygon","coordinates":[[[-111.925013532431,33.3666719888952],[-111.925013532431,33.3750053241905],[-111.916680197136,33.3750053241905],[-111.916680197136,33.3666719888952],[-111.925013532431,33.3666719888952]]]},"properties":{"OBJECTID":42765,"CEILING":400,"UNIT":"Feet","MAP_EFF":"8/6/2026","LAST_EDIT":"5/8/2017","LATITUDE":33.370838660000004,"LONGITUDE":-111.92084686,"APT1_FAAID":"PHX","APT1_ICAO":"KPHX","APT1_NAME":"Phoenix Sky Harbor Intl","APT1_LAANC":1,"AIRSPACE_1":"B","REGION":"Western"}},{"type":"Feature","id":43701,"geometry":{"type":"Polygon","coordinates":[[[-111.916680197136,33.4416720035533],[-111.916680197136,33.4500053388486],[-111.90834686184,33.4500053388486],[-111.90834686184,33.4416720035533],[-111.916680197136,33.4416720035533]]]},"properties":{"OBJECTID":43701,"CEILING":100,"UNIT":"Feet","MAP_EFF":"8/6/2026","LAST_EDIT":"10/27/2017","LATITUDE":33.44583867,"LONGITUDE":-111.91251353,"APT1_FAAID":"PHX","APT1_ICAO":"KPHX","APT1_NAME":"Phoenix Sky Harbor Intl","APT1_LAANC":1,"AIRSPACE_1":"B","REGION":"Western"}},{"type":"Feature","id":43214,"geometry":{"type":"Polygon","coordinates":[[[-112.01668021668,33.4083386643719],[-112.01668021668,33.4166719986673],[-112.008346882385,33.4166719986673],[-112.008346882385,33.4083386643719],[-112.01668021668,33.4083386643719]]]},"properties":{"OBJECTID":43214,"CEILING":100,"UNIT":"Feet","MAP_EFF":"8/6/2026","LAST_EDIT":"5/8/2017","LATITUDE":33.41250533,"LONGITUDE":-112.01251355000001,"APT1_FAAID":"PHX","APT1_ICAO":"KPHX","APT1_NAME":"Phoenix Sky Harbor Intl","APT1_LAANC":1,"AIRSPACE_1":"B","REGION":"Western"}},{"type":"Feature","id":44542,"geometry":{"type":"Polygon","coordinates":[[[-112.133346906815,33.5083386839161],[-112.133346906815,33.5166720192114],[-112.125013571519,33.5166720192114],[-112.125013571519,33.5083386839161],[-112.133346906815,33.5083386839161]]]},"properties":{"OBJECTID":44542,"CEILING":300,"UNIT":"Feet","MAP_EFF":"8/6/2026","LAST_EDIT":"10/27/2017","LATITUDE":33.512505350000005,"LONGITUDE":-112.12918024,"APT1_FAAID":"PHX","APT1_ICAO":"KPHX","APT1_NAME":"Phoenix Sky Harbor Intl","APT1_LAANC":1,"AIRSPACE_1":"B","REGION":"Western"}},{"type":"Feature","id":126231,"geometry":{"type":"Polygon","coordinates":[[[-112.166680246996,33.4416720035533],[-112.166680246996,33.4500053388486],[-112.158346911701,33.4500053388486],[-112.158346911701,33.4416720035533],[-112.166680246996,33.4416720035533]]]},"properties":{"OBJECTID":126231,"CEILING":400,"UNIT":"Feet","MAP_EFF":"8/6/2026","LAST_EDIT":"8/17/2026","LATITUDE":33.44583867,"LONGITUDE":-112.16251358,"APT1_FAAID":"PHX","APT1_ICAO":"KPHX","APT1_NAME":"Phoenix Sky Harbor Intl","APT1_LAANC":1,"AIRSPACE_1":"B","REGION":"Western"}},{"type":"Feature","id":43901,"geometry":{"type":"Polygon","coordinates":[[[-112.100013566633,33.458338674144],[-112.100013566633,33.4666720094393],[-112.091680232338,33.4666720094393],[-112.091680232338,33.458338674144],[-112.100013566633,33.458338674144]]]},"properties":{"OBJECTID":43901,"CEILING":100,"UNIT":"Feet","MAP_EFF":"8/6/2026","LAST_EDIT":"5/8/2017","LATITUDE":33.46250534,"LONGITUDE":-112.0958469,"APT1_FAAID":"PHX","APT1_ICAO":"KPHX","APT1_NAME":"Phoenix Sky Harbor Intl","APT1_LAANC":1,"AIRSPACE_1":"B","REGION":"Western"}},{"type":"Feature","id":45561,"geometry":{"type":"Polygon","coordinates":[[[-111.925013532431,33.5833386985742],[-111.925013532431,33.5916720338695],[-111.916680197136,33.5916720338695],[-111.916680197136,33.5833386985742],[-111.925013532431,33.5833386985742]]]},"properties":{"OBJECTID":45561,"CEILING":100,"UNIT":"Feet","MAP_EFF":"8/6/2026","LAST_EDIT":"5/8/2017","LATITUDE":33.587505369999995,"LONGITUDE":-111.92084686,"APT1_FAAID":"SDL","APT1_ICAO":"KSDL","APT1_NAME":"Scottsdale","APT1_LAANC":1,"AIRSPACE_1":"D","REGION":"Western"}},{"type":"Feature","id":335940,"geometry":{"type":"Polygon","coordinates":[[[-112.066680227452,33.3833386594858],[-112.066680227452,33.3916719937812],[-112.058346892157,33.3916719937812],[-112.058346892157,33.3833386594858],[-112.066680227452,33.3833386594858]]]},"properties":{"OBJECTID":335940,"CEILING":100,"UNIT":"Feet","MAP_EFF":"8/6/2026","LAST_EDIT":"8/27/2020","LATITUDE":33.38750533,"LONGITUDE":-112.06251356,"APT1_FAAID":"PHX","APT1_ICAO":"KPHX","APT1_NAME":"Phoenix Sky Harbor Intl","APT1_LAANC":1,"AIRSPACE_1":"B","REGION":"Western"}},{"type":"Feature","id":43552,"geometry":{"type":"Polygon","coordinates":[[[-112.150013577406,33.4333386692579],[-112.150013577406,33.4416720035533],[-112.14168024211,33.4416720035533],[-112.14168024211,33.4333386692579],[-112.150013577406,33.4333386692579]]]},"properties":{"OBJECTID":43552,"CEILING":200,"UNIT":"Feet","MAP_EFF":"8/6/2026","LAST_EDIT":"5/8/2017","LATITUDE":33.43750534,"LONGITUDE":-112.14584690999999,"APT1_FAAID":"PHX","APT1_ICAO":"KPHX","APT1_NAME":"Phoenix Sky Harbor Intl","APT1_LAANC":1,"AIRSPACE_1":"B","REGION":"Western"}},{"type":"Feature","id":43795,"geometry":{"type":"Polygon","coordinates":[[[-112.100013566633,33.4500053388486],[-112.100013566633,33.458338674144],[-112.091680232338,33.458338674144],[-112.091680232338,33.4500053388486],[-112.100013566633,33.4500053388486]]]},"properties":{"OBJECTID":43795,"CEILING":100,"UNIT":"Feet","MAP_EFF":"8/6/2026","LAST_EDIT":"5/8/2017","LATITUDE":33.454172009999994,"LONGITUDE":-112.0958469,"APT1_FAAID":"PHX","APT1_ICAO":"KPHX","APT1_NAME":"Phoenix Sky Harbor Intl","APT1_LAANC":1,"AIRSPACE_1":"B","REGION":"Western"}},{"type":"Feature","id":42911,"geometry":{"type":"Polygon","coordinates":[[[-112.158346911701,33.3833386594858],[-112.158346911701,33.3916719937812],[-112.150013577406,33.3916719937812],[-112.150013577406,33.3833386594858],[-112.158346911701,33.3833386594858]]]},"properties":{"OBJECTID":42911,"CEILING":200,"UNIT":"Feet","MAP_EFF":"8/6/2026","LAST_EDIT":"10/27/2017","LATITUDE":33.38750533,"LONGITUDE":-112.15418024,"APT1_FAAID":"PHX","APT1_ICAO":"KPHX","APT1_NAME":"Phoenix Sky Harbor Intl","APT1_LAANC":1,"AIRSPACE_1":"B","REGION":"Western"}},{"type":"Feature","id":43108,"geometry":{"type":"Polygon","coordinates":[[[-112.075013561747,33.4000053290765],[-112.075013561747,33.4083386643719],[-112.066680227452,33.4083386643719],[-112.066680227452,33.4000053290765],[-112.075013561747,33.4000053290765]]]},"properties":{"OBJECTID":43108,"CEILING":100,"UNIT":"Feet","MAP_EFF":"8/6/2026","LAST_EDIT":"5/8/2017","LATITUDE":33.404172,"LONGITUDE":-112.07084689,"APT1_FAAID":"PHX","APT1_ICAO":"KPHX","APT1_NAME":"Phoenix Sky Harbor Intl","APT1_LAANC":1,"AIRSPACE_1":"B","REGION":"Western"}},{"type":"Feature","id":43895,"geometry":{"type":"Polygon","coordinates":[[[-112.158346911701,33.458338674144],[-112.158346911701,33.4666720094393],[-112.150013577406,33.4666720094393],[-112.150013577406,33.458338674144],[-112.158346911701,33.458338674144]]]},"properties":{"OBJECTID":43895,"CEILING":200,"UNIT":"Feet","MAP_EFF":"8/6/2026","LAST_EDIT":"10/27/2017","LATITUDE":33.46250534,"LONGITUDE":-112.15418024,"APT1_FAAID":"PHX","APT1_ICAO":"KPHX","APT1_NAME":"Phoenix Sky Harbor Intl","APT1_LAANC":1,"AIRSPACE_1":"B","REGION":"Western"}},{"type":"Feature","id":43452,"geometry":{"type":"Polygon","coordinates":[[[-112.000013547089,33.4250053339626],[-112.000013547089,33.4333386692579],[-111.991680211794,33.4333386692579],[-111.991680211794,33.4250053339626],[-112.000013547089,33.4250053339626]]]},"properties":{"OBJECTID":43452,"CEILING":0,"UNIT":"Feet","MAP_EFF":"8/6/2026","LAST_EDIT":"5/8/2017","LATITUDE":33.429172,"LONGITUDE":-111.99584688,"APT1_FAAID":"PHX","APT1_ICAO":"KPHX","APT1_NAME":"Phoenix Sky Harbor Intl","APT1_LAANC":0,"AIRSPACE_1":"B","REGION":"Western"}},{"type":"Feature","id":44977,"geometry":{"type":"Polygon","coordinates":[[[-111.90834686184,33.5500053593928],[-111.90834686184,33.5583386936881],[-111.900013526545,33.5583386936881],[-111.900013526545,33.5500053593928],[-111.90834686184,33.5500053593928]]]},"properties":{"OBJECTID":44977,"CEILING":300,"UNIT":"Feet","MAP_EFF":"8/6/2026","LAST_EDIT":"5/8/2017","LATITUDE":33.55417203,"LONGITUDE":-111.90418019,"APT1_FAAID":"SDL","APT1_ICAO":"KSDL","APT1_NAME":"Scottsdale","APT1_LAANC":1,"AIRSPACE_1":"D","REGION":"Western"}},{"type":"Feature","id":44004,"geometry":{"type":"Polygon","coordinates":[[[-112.150013577406,33.4666720094393],[-112.150013577406,33.4750053437347],[-112.14168024211,33.4750053437347],[-112.14168024211,33.4666720094393],[-112.150013577406,33.4666720094393]]]},"properties":{"OBJECTID":44004,"CEILING":300,"UNIT":"Feet","MAP_EFF":"8/6/2026","LAST_EDIT":"10/27/2017","LATITUDE":33.47083868,"LONGITUDE":-112.14584690999999,"APT1_FAAID":"PHX","APT1_ICAO":"KPHX","APT1_NAME":"Phoenix Sky Harbor Intl","APT1_LAANC":1,"AIRSPACE_1":"B","REGION":"Western"}},{"type":"Feature","id":42842,"geometry":{"type":"Polygon","coordinates":[[[-111.900013526545,33.3750053241905],[-111.900013526545,33.3833386594858],[-111.89168019225,33.3833386594858],[-111.89168019225,33.3750053241905],[-111.900013526545,33.3750053241905]]]},"properties":{"OBJECTID":42842,"CEILING":400,"UNIT":"Feet","MAP_EFF":"8/6/2026","LAST_EDIT":"5/8/2017","LATITUDE":33.37917199,"LONGITUDE":-111.89584685999999,"APT1_FAAID":"PHX","APT1_ICAO":"KPHX","APT1_NAME":"Phoenix Sky Harbor Intl","APT1_LAANC":1,"AIRSPACE_1":"B","REGION":"Western"}},{"type":"Feature","id":43340,"geometry":{"type":"Polygon","coordinates":[[[-111.90834686184,33.4166719986673],[-111.90834686184,33.4250053339626],[-111.900013526545,33.4250053339626],[-111.900013526545,33.4166719986673],[-111.90834686184,33.4166719986673]]]},"properties":{"OBJECTID":43340,"CEILING":100,"UNIT":"Feet","MAP_EFF":"8/6/2026","LAST_EDIT":"10/27/2017","LATITUDE":33.42083867,"LONGITUDE":-111.90418019,"APT1_FAAID":"PHX","APT1_ICAO":"KPHX","APT1_NAME":"Phoenix Sky Harbor Intl","APT1_LAANC":1,"AIRSPACE_1":"B","REGION":"Western"}},{"type":"Feature","id":43695,"geometry":{"type":"Polygon","coordinates":[[[-111.975013542203,33.4416720035533],[-111.975013542203,33.4500053388486],[-111.966680206908,33.4500053388486],[-111.966680206908,33.4416720035533],[-111.975013542203,33.4416720035533]]]},"properties":{"OBJECTID":43695,"CEILING":0,"UNIT":"Feet","MAP_EFF":"8/6/2026","LAST_EDIT":"5/8/2017","LATITUDE":33.44583867,"LONGITUDE":-111.97084687,"APT1_FAAID":"PHX","APT1_ICAO":"KPHX","APT1_NAME":"Phoenix Sky Harbor Intl","APT1_LAANC":1,"AIRSPACE_1":"B","REGION":"Western"}},{"type":"Feature","id":43910,"geometry":{"type":"Polygon","coordinates":[[[-112.008346882385,33.458338674144],[-112.008346882385,33.4666720094393],[-112.000013547089,33.4666720094393],[-112.000013547089,33.458338674144],[-112.008346882385,33.458338674144]]]},"properties":{"OBJECTID":43910,"CEILING":100,"UNIT":"Feet","MAP_EFF":"8/6/2026","LAST_EDIT":"5/8/2017","LATITUDE":33.46250534,"LONGITUDE":-112.00418020999999,"APT1_FAAID":"PHX","APT1_ICAO":"KPHX","APT1_NAME":"Phoenix Sky Harbor Intl","APT1_LAANC":1,"AIRSPACE_1":"B","REGION":"Western"}},{"type":"Feature","id":42699,"geometry":{"type":"Polygon","coordinates":[[[-111.90834686184,33.3583386535998],[-111.90834686184,33.3666719888952],[-111.900013526545,33.3666719888952],[-111.900013526545,33.3583386535998],[-111.90834686184,33.3583386535998]]]},"properties":{"OBJECTID":42699,"CEILING":400,"UNIT":"Feet","MAP_EFF":"8/6/2026","LAST_EDIT":"5/8/2017","LATITUDE":33.36250532,"LONGITUDE":-111.90418019,"APT1_FAAID":"PHX","APT1_ICAO":"KPHX","APT1_NAME":"Phoenix Sky Harbor Intl","APT1_LAANC":1,"AIRSPACE_1":"B","REGION":"Western"}},{"type":"Feature","id":43555,"geometry":{"type":"Polygon","coordinates":[[[-112.116680237224,33.4333386692579],[-112.116680237224,33.4416720035533],[-112.108346901929,33.4416720035533],[-112.108346901929,33.4333386692579],[-112.116680237224,33.4333386692579]]]},"properties":{"OBJECTID":43555,"CEILING":100,"UNIT":"Feet","MAP_EFF":"8/6/2026","LAST_EDIT":"5/8/2017","LATITUDE":33.43750534,"LONGITUDE":-112.11251356999999,"APT1_FAAID":"PHX","APT1_ICAO":"KPHX","APT1_NAME":"Phoenix Sky Harbor Intl","APT1_LAANC":1,"AIRSPACE_1":"B","REGION":"Western"}},{"type":"Feature","id":43314,"geometry":{"type":"Polygon","coordinates":[[[-112.108346901929,33.4166719986673],[-112.108346901929,33.4250053339626],[-112.100013566633,33.4250053339626],[-112.100013566633,33.4166719986673],[-112.108346901929,33.4166719986673]]]},"properties":{"OBJECTID":43314,"CEILING":100,"UNIT":"Feet","MAP_EFF":"8/6/2026","LAST_EDIT":"5/8/2017","LATITUDE":33.42083867,"LONGITUDE":-112.10418023,"APT1_FAAID":"PHX","APT1_ICAO":"KPHX","APT1_NAME":"Phoenix Sky Harbor Intl","APT1_LAANC":1,"AIRSPACE_1":"B","REGION":"Western"}},{"type":"Feature","id":336295,"geometry":{"type":"Polygon","coordinates":[[[-112.158346911701,33.5000053486207],[-112.158346911701,33.5083386839161],[-112.150013577406,33.5083386839161],[-112.150013577406,33.5000053486207],[-112.158346911701,33.5000053486207]]]},"properties":{"OBJECTID":336295,"CEILING":300,"UNIT":"Feet","MAP_EFF":"8/6/2026","LAST_EDIT":"10/27/2017","LATITUDE":33.50417202,"LONGITUDE":-112.15418024,"APT1_FAAID":"PHX","APT1_ICAO":"KPHX","APT1_NAME":"Phoenix Sky Harbor Intl","APT1_LAANC":1,"AIRSPACE_1":"B","REGION":"Western"}},{"type":"Feature","id":43220,"geometry":{"type":"Polygon","coordinates":[[[-111.958346871612,33.4083386643719],[-111.958346871612,33.4166719986673],[-111.950013537317,33.4166719986673],[-111.950013537317,33.4083386643719],[-111.958346871612,33.4083386643719]]]},"properties":{"OBJECTID":43220,"CEILING":100,"UNIT":"Feet","MAP_EFF":"8/6/2026","LAST_EDIT":"10/27/2017","LATITUDE":33.41250533,"LONGITUDE":-111.9541802,"APT1_FAAID":"PHX","APT1_ICAO":"KPHX","APT1_NAME":"Phoenix Sky Harbor Intl","APT1_LAANC":1,"AIRSPACE_1":"B","REGION":"Western"}},{"type":"Feature","id":43463,"geometry":{"type":"Polygon","coordinates":[[[-111.900013526545,33.4250053339626],[-111.900013526545,33.4333386692579],[-111.89168019225,33.4333386692579],[-111.89168019225,33.4250053339626],[-111.900013526545,33.4250053339626]]]},"properties":{"OBJECTID":43463,"CEILING":100,"UNIT":"Feet","MAP_EFF":"8/6/2026","LAST_EDIT":"10/27/2017","LATITUDE":33.429172,"LONGITUDE":-111.89584685999999,"APT1_FAAID":"PHX","APT1_ICAO":"KPHX","APT1_NAME":"Phoenix Sky Harbor Intl","APT1_LAANC":1,"AIRSPACE_1":"B","REGION":"Western"}},{"type":"Feature","id":44104,"geometry":{"type":"Polygon","coordinates":[[[-112.150013577406,33.4750053437347],[-112.150013577406,33.48333867903],[-112.14168024211,33.48333867903],[-112.14168024211,33.4750053437347],[-112.150013577406,33.4750053437347]]]},"properties":{"OBJECTID":44104,"CEILING":300,"UNIT":"Feet","MAP_EFF":"8/6/2026","LAST_EDIT":"10/27/2017","LATITUDE":33.47917201,"LONGITUDE":-112.14584690999999,"APT1_FAAID":"PHX","APT1_ICAO":"KPHX","APT1_NAME":"Phoenix Sky Harbor Intl","APT1_LAANC":1,"AIRSPACE_1":"B","REGION":"Western"}},{"type":"Feature","id":42836,"geometry":{"type":"Polygon","coordinates":[[[-112.083346897043,33.3750053241905],[-112.083346897043,33.3833386594858],[-112.075013561747,33.3833386594858],[-112.075013561747,33.3750053241905],[-112.083346897043,33.3750053241905]]]},"properties":{"OBJECTID":42836,"CEILING":400,"UNIT":"Feet","MAP_EFF":"8/6/2026","LAST_EDIT":"5/8/2017","LATITUDE":33.37917199,"LONGITUDE":-112.07918022999999,"APT1_FAAID":"PHX","APT1_ICAO":"KPHX","APT1_NAME":"Phoenix Sky Harbor Intl","APT1_LAANC":1,"AIRSPACE_1":"B","REGION":"Western"}},{"type":"Feature","id":43334,"geometry":{"type":"Polygon","coordinates":[[[-111.975013542203,33.4166719986673],[-111.975013542203,33.4250053339626],[-111.966680206908,33.4250053339626],[-111.966680206908,33.4166719986673],[-111.975013542203,33.4166719986673]]]},"properties":{"OBJECTID":43334,"CEILING":0,"UNIT":"Feet","MAP_EFF":"8/6/2026","LAST_EDIT":"5/8/2017","LATITUDE":33.42083867,"LONGITUDE":-111.97084687,"APT1_FAAID":"PHX","APT1_ICAO":"KPHX","APT1_NAME":"Phoenix Sky Harbor Intl","APT1_LAANC":1,"AIRSPACE_1":"B","REGION":"Western"}},{"type":"Feature","id":336109,"geometry":{"type":"Polygon","coordinates":[[[-112.033346887271,33.458338674144],[-112.033346887271,33.4666720094393],[-112.025013551975,33.4666720094393],[-112.025013551975,33.458338674144],[-112.033346887271,33.458338674144]]]},"properties":{"OBJECTID":336109,"CEILING":100,"UNIT":"Feet","MAP_EFF":"8/6/2026","LAST_EDIT":"5/8/2017","LATITUDE":33.46250534,"LONGITUDE":-112.02918022,"APT1_FAAID":"PHX","APT1_ICAO":"KPHX","APT1_NAME":"Phoenix Sky Harbor Intl","APT1_LAANC":1,"AIRSPACE_1":"B","REGION":"Western"}},{"type":"Feature","id":44010,"geometry":{"type":"Polygon","coordinates":[[[-112.091680232338,33.4666720094393],[-112.091680232338,33.4750053437347],[-112.083346897043,33.4750053437347],[-112.083346897043,33.4666720094393],[-112.091680232338,33.4666720094393]]]},"properties":{"OBJECTID":44010,"CEILING":300,"UNIT":"Feet","MAP_EFF":"8/6/2026","LAST_EDIT":"10/27/2017","LATITUDE":33.47083868,"LONGITUDE":-112.08751356,"APT1_FAAID":"PHX","APT1_ICAO":"KPHX","APT1_NAME":"Phoenix Sky Harbor Intl","APT1_LAANC":1,"AIRSPACE_1":"B","REGION":"Western"}},{"type":"Feature","id":43583,"geometry":{"type":"Polygon","coordinates":[[[-111.916680197136,33.4333386692579],[-111.916680197136,33.4416720035533],[-111.90834686184,33.4416720035533],[-111.90834686184,33.4333386692579],[-111.916680197136,33.4333386692579]]]},"properties":{"OBJECTID":43583,"CEILING":100,"UNIT":"Feet","MAP_EFF":"8/6/2026","LAST_EDIT":"10/27/2017","LATITUDE":33.43750534,"LONGITUDE":-111.91251353,"APT1_FAAID":"PHX","APT1_ICAO":"KPHX","APT1_NAME":"Phoenix Sky Harbor Intl","APT1_LAANC":1,"AIRSPACE_1":"B","REGION":"Western"}},{"type":"Feature","id":42693,"geometry":{"type":"Polygon","coordinates":[[[-112.116680237224,33.3583386535998],[-112.116680237224,33.3666719888952],[-112.108346901929,33.3666719888952],[-112.108346901929,33.3583386535998],[-112.116680237224,33.3583386535998]]]},"properties":{"OBJECTID":42693,"CEILING":400,"UNIT":"Feet","MAP_EFF":"8/6/2026","LAST_EDIT":"5/8/2017","LATITUDE":33.36250532,"LONGITUDE":-112.11251356999999,"APT1_FAAID":"PHX","APT1_ICAO":"KPHX","APT1_NAME":"Phoenix Sky Harbor Intl","APT1_LAANC":1,"AIRSPACE_1":"B","REGION":"Western"}},{"type":"Feature","id":45398,"geometry":{"type":"Polygon","coordinates":[[[-111.90834686184,33.5750053642788],[-111.90834686184,33.5833386985742],[-111.900013526545,33.5833386985742],[-111.900013526545,33.5750053642788],[-111.90834686184,33.5750053642788]]]},"properties":{"OBJECTID":45398,"CEILING":200,"UNIT":"Feet","MAP_EFF":"8/6/2026","LAST_EDIT":"5/8/2017","LATITUDE":33.579172029999995,"LONGITUDE":-111.90418019,"APT1_FAAID":"SDL","APT1_ICAO":"KSDL","APT1_NAME":"Scottsdale","APT1_LAANC":1,"AIRSPACE_1":"D","REGION":"Western"}},{"type":"Feature","id":44210,"geometry":{"type":"Polygon","coordinates":[[[-112.116680237224,33.48333867903],[-112.116680237224,33.4916720143253],[-112.108346901929,33.4916720143253],[-112.108346901929,33.48333867903],[-112.116680237224,33.48333867903]]]},"properties":{"OBJECTID":44210,"CEILING":300,"UNIT":"Feet","MAP_EFF":"8/6/2026","LAST_EDIT":"10/27/2017","LATITUDE":33.48750535,"LONGITUDE":-112.11251356999999,"APT1_FAAID":"PHX","APT1_ICAO":"KPHX","APT1_NAME":"Phoenix Sky Harbor Intl","APT1_LAANC":1,"AIRSPACE_1":"B","REGION":"Western"}},{"type":"Feature","id":336558,"geometry":{"type":"Polygon","coordinates":[[[-111.983346877499,33.5833386985742],[-111.983346877499,33.5916720338695],[-111.975013542203,33.5916720338695],[-111.975013542203,33.5833386985742],[-111.983346877499,33.5833386985742]]]},"properties":{"OBJECTID":336558,"CEILING":300,"UNIT":"Feet","MAP_EFF":"8/6/2026","LAST_EDIT":"5/8/2017","LATITUDE":33.587505369999995,"LONGITUDE":-111.97918021,"APT1_FAAID":"SDL","APT1_ICAO":"KSDL","APT1_NAME":"Scottsdale","APT1_LAANC":1,"AIRSPACE_1":"D","REGION":"Western"}},{"type":"Feature","id":44222,"geometry":{"type":"Polygon","coordinates":[[[-111.90834686184,33.48333867903],[-111.90834686184,33.4916720143253],[-111.900013526545,33.4916720143253],[-111.900013526545,33.48333867903],[-111.90834686184,33.48333867903]]]},"properties":{"OBJECTID":44222,"CEILING":300,"UNIT":"Feet","MAP_EFF":"8/6/2026","LAST_EDIT":"10/27/2017","LATITUDE":33.48750535,"LONGITUDE":-111.90418019,"APT1_FAAID":"PHX","APT1_ICAO":"KPHX","APT1_NAME":"Phoenix Sky Harbor Intl","APT1_LAANC":1,"AIRSPACE_1":"B","REGION":"Western"}},{"type":"Feature","id":335954,"geometry":{"type":"Polygon","coordinates":[[[-112.158346911701,33.3916719937812],[-112.158346911701,33.4000053290765],[-112.150013577406,33.4000053290765],[-112.150013577406,33.3916719937812],[-112.158346911701,33.3916719937812]]]},"properties":{"OBJECTID":335954,"CEILING":200,"UNIT":"Feet","MAP_EFF":"8/6/2026","LAST_EDIT":"10/27/2017","LATITUDE":33.39583866,"LONGITUDE":-112.15418024,"APT1_FAAID":"PHX","APT1_ICAO":"KPHX","APT1_NAME":"Phoenix Sky Harbor Intl","APT1_LAANC":1,"AIRSPACE_1":"B","REGION":"Western"}},{"type":"Feature","id":43569,"geometry":{"type":"Polygon","coordinates":[[[-112.041680221566,33.4333386692579],[-112.041680221566,33.4416720035533],[-112.033346887271,33.4416720035533],[-112.033346887271,33.4333386692579],[-112.041680221566,33.4333386692579]]]},"properties":{"OBJECTID":43569,"CEILING":0,"UNIT":"Feet","MAP_EFF":"8/6/2026","LAST_EDIT":"5/8/2017","LATITUDE":33.43750534,"LONGITUDE":-112.03751355,"APT1_FAAID":"PHX","APT1_ICAO":"KPHX","APT1_NAME":"Phoenix Sky Harbor Intl","APT1_LAANC":1,"AIRSPACE_1":"B","REGION":"Western"}},{"type":"Feature","id":45241,"geometry":{"type":"Polygon","coordinates":[[[-111.966680206908,33.5666720289835],[-111.966680206908,33.5750053642788],[-111.958346871612,33.5750053642788],[-111.958346871612,33.5666720289835],[-111.966680206908,33.5666720289835]]]},"properties":{"OBJECTID":45241,"CEILING":200,"UNIT":"Feet","MAP_EFF":"8/6/2026","LAST_EDIT":"5/8/2017","LATITUDE":33.570838699999996,"LONGITUDE":-111.96251354,"APT1_FAAID":"SDL","APT1_ICAO":"KSDL","APT1_NAME":"Scottsdale","APT1_LAANC":1,"AIRSPACE_1":"D","REGION":"Western"}},{"type":"Feature","id":43675,"geometry":{"type":"Polygon","coordinates":[[[-112.116680237224,33.4416720035533],[-112.116680237224,33.4500053388486],[-112.108346901929,33.4500053388486],[-112.108346901929,33.4416720035533],[-112.116680237224,33.4416720035533]]]},"properties":{"OBJECTID":43675,"CEILING":100,"UNIT":"Feet","MAP_EFF":"8/6/2026","LAST_EDIT":"5/8/2017","LATITUDE":33.44583867,"LONGITUDE":-112.11251356999999,"APT1_FAAID":"PHX","APT1_ICAO":"KPHX","APT1_NAME":"Phoenix Sky Harbor Intl","APT1_LAANC":1,"AIRSPACE_1":"B","REGION":"Western"}},{"type":"Feature","id":43918,"geometry":{"type":"Polygon","coordinates":[[[-111.966680206908,33.458338674144],[-111.966680206908,33.4666720094393],[-111.958346871612,33.4666720094393],[-111.958346871612,33.458338674144],[-111.966680206908,33.458338674144]]]},"properties":{"OBJECTID":43918,"CEILING":100,"UNIT":"Feet","MAP_EFF":"8/6/2026","LAST_EDIT":"5/8/2017","LATITUDE":33.46250534,"LONGITUDE":-111.96251354,"APT1_FAAID":"PHX","APT1_ICAO":"KPHX","APT1_NAME":"Phoenix Sky Harbor Intl","APT1_LAANC":1,"AIRSPACE_1":"B","REGION":"Western"}},{"type":"Feature","id":43924,"geometry":{"type":"Polygon","coordinates":[[[-111.90834686184,33.458338674144],[-111.90834686184,33.4666720094393],[-111.900013526545,33.4666720094393],[-111.900013526545,33.458338674144],[-111.90834686184,33.458338674144]]]},"properties":{"OBJECTID":43924,"CEILING":100,"UNIT":"Feet","MAP_EFF":"8/6/2026","LAST_EDIT":"10/27/2017","LATITUDE":33.46250534,"LONGITUDE":-111.90418019,"APT1_FAAID":"PHX","APT1_ICAO":"KPHX","APT1_NAME":"Phoenix Sky Harbor Intl","APT1_LAANC":1,"AIRSPACE_1":"B","REGION":"Western"}},{"type":"Feature","id":43326,"geometry":{"type":"Polygon","coordinates":[[[-112.050013556861,33.4166719986673],[-112.050013556861,33.4250053339626],[-112.041680221566,33.4250053339626],[-112.041680221566,33.4166719986673],[-112.050013556861,33.4166719986673]]]},"properties":{"OBJECTID":43326,"CEILING":0,"UNIT":"Feet","MAP_EFF":"8/6/2026","LAST_EDIT":"5/8/2017","LATITUDE":33.42083867,"LONGITUDE":-112.04584688999999,"APT1_FAAID":"PHX","APT1_ICAO":"KPHX","APT1_NAME":"Phoenix Sky Harbor Intl","APT1_LAANC":1,"AIRSPACE_1":"B","REGION":"Western"}},{"type":"Feature","id":44316,"geometry":{"type":"Polygon","coordinates":[[[-112.158346911701,33.4916720143253],[-112.158346911701,33.5000053486207],[-112.150013577406,33.5000053486207],[-112.150013577406,33.4916720143253],[-112.158346911701,33.4916720143253]]]},"properties":{"OBJECTID":44316,"CEILING":300,"UNIT":"Feet","MAP_EFF":"8/6/2026","LAST_EDIT":"10/27/2017","LATITUDE":33.495838680000006,"LONGITUDE":-112.15418024,"APT1_FAAID":"PHX","APT1_ICAO":"KPHX","APT1_NAME":"Phoenix Sky Harbor Intl","APT1_LAANC":1,"AIRSPACE_1":"B","REGION":"Western"}},{"type":"Feature","id":126546,"geometry":{"type":"Polygon","coordinates":[[[-112.175013582292,33.4166719986673],[-112.175013582292,33.4250053339626],[-112.166680246996,33.4250053339626],[-112.166680246996,33.4166719986673],[-112.175013582292,33.4166719986673]]]},"properties":{"OBJECTID":126546,"CEILING":400,"UNIT":"Feet","MAP_EFF":"8/6/2026","LAST_EDIT":"8/17/2026","LATITUDE":33.42083867,"LONGITUDE":-112.17084691,"APT1_FAAID":"PHX","APT1_ICAO":"KPHX","APT1_NAME":"Phoenix Sky Harbor Intl","APT1_LAANC":1,"AIRSPACE_1":"B","REGION":"Western"}},{"type":"Feature","id":44216,"geometry":{"type":"Polygon","coordinates":[[[-111.933346866726,33.48333867903],[-111.933346866726,33.4916720143253],[-111.925013532431,33.4916720143253],[-111.925013532431,33.48333867903],[-111.933346866726,33.48333867903]]]},"properties":{"OBJECTID":44216,"CEILING":300,"UNIT":"Feet","MAP_EFF":"8/6/2026","LAST_EDIT":"10/27/2017","LATITUDE":33.48750535,"LONGITUDE":-111.9291802,"APT1_FAAID":"PHX","APT1_ICAO":"KPHX","APT1_NAME":"Phoenix Sky Harbor Intl","APT1_LAANC":1,"AIRSPACE_1":"B","REGION":"Western"}},{"type":"Feature","id":335911,"geometry":{"type":"Polygon","coordinates":[[[-112.091680232338,33.3666719888952],[-112.091680232338,33.3750053241905],[-112.083346897043,33.3750053241905],[-112.083346897043,33.3666719888952],[-112.091680232338,33.3666719888952]]]},"properties":{"OBJECTID":335911,"CEILING":400,"UNIT":"Feet","MAP_EFF":"8/6/2026","LAST_EDIT":"5/8/2017","LATITUDE":33.370838660000004,"LONGITUDE":-112.08751356,"APT1_FAAID":"PHX","APT1_ICAO":"KPHX","APT1_NAME":"Phoenix Sky Harbor Intl","APT1_LAANC":1,"AIRSPACE_1":"B","REGION":"Western"}},{"type":"Feature","id":126348,"geometry":{"type":"Polygon","coordinates":[[[-112.175013582292,33.4416720035533],[-112.175013582292,33.4500053388486],[-112.166680246996,33.4500053388486],[-112.166680246996,33.4416720035533],[-112.175013582292,33.4416720035533]]]},"properties":{"OBJECTID":126348,"CEILING":400,"UNIT":"Feet","MAP_EFF":"8/6/2026","LAST_EDIT":"8/17/2026","LATITUDE":33.44583867,"LONGITUDE":-112.17084691,"APT1_FAAID":"PHX","APT1_ICAO":"KPHX","APT1_NAME":"Phoenix Sky Harbor Intl","APT1_LAANC":1,"AIRSPACE_1":"B","REGION":"Western"}},{"type":"Feature","id":44116,"geometry":{"type":"Polygon","coordinates":[[[-111.941680202022,33.4750053437347],[-111.941680202022,33.48333867903],[-111.933346866726,33.48333867903],[-111.933346866726,33.4750053437347],[-111.941680202022,33.4750053437347]]]},"properties":{"OBJECTID":44116,"CEILING":200,"UNIT":"Feet","MAP_EFF":"8/6/2026","LAST_EDIT":"5/8/2017","LATITUDE":33.47917201,"LONGITUDE":-111.93751353,"APT1_FAAID":"PHX","APT1_ICAO":"KPHX","APT1_NAME":"Phoenix Sky Harbor Intl","APT1_LAANC":1,"AIRSPACE_1":"B","REGION":"Western"}},{"type":"Feature","id":45739,"geometry":{"type":"Polygon","coordinates":[[[-111.975013542203,33.5916720338695],[-111.975013542203,33.6000053691649],[-111.966680206908,33.6000053691649],[-111.966680206908,33.5916720338695],[-111.975013542203,33.5916720338695]]]},"properties":{"OBJECTID":45739,"CEILING":300,"UNIT":"Feet","MAP_EFF":"8/6/2026","LAST_EDIT":"5/8/2017","LATITUDE":33.595838699999995,"LONGITUDE":-111.97084687,"APT1_FAAID":"SDL","APT1_ICAO":"KSDL","APT1_NAME":"Scottsdale","APT1_LAANC":1,"AIRSPACE_1":"D","REGION":"Western"}},{"type":"Feature","id":43921,"geometry":{"type":"Polygon","coordinates":[[[-111.941680202022,33.458338674144],[-111.941680202022,33.4666720094393],[-111.933346866726,33.4666720094393],[-111.933346866726,33.458338674144],[-111.941680202022,33.458338674144]]]},"properties":{"OBJECTID":43921,"CEILING":100,"UNIT":"Feet","MAP_EFF":"8/6/2026","LAST_EDIT":"10/27/2017","LATITUDE":33.46250534,"LONGITUDE":-111.93751353,"APT1_FAAID":"PHX","APT1_ICAO":"KPHX","APT1_NAME":"Phoenix Sky Harbor Intl","APT1_LAANC":1,"AIRSPACE_1":"B","REGION":"Western"}},{"type":"Feature","id":42925,"geometry":{"type":"Polygon","coordinates":[[[-111.916680197136,33.3833386594858],[-111.916680197136,33.3916719937812],[-111.90834686184,33.3916719937812],[-111.90834686184,33.3833386594858],[-111.916680197136,33.3833386594858]]]},"properties":{"OBJECTID":42925,"CEILING":100,"UNIT":"Feet","MAP_EFF":"8/6/2026","LAST_EDIT":"10/27/2017","LATITUDE":33.38750533,"LONGITUDE":-111.91251353,"APT1_FAAID":"PHX","APT1_ICAO":"KPHX","APT1_NAME":"Phoenix Sky Harbor Intl","APT1_LAANC":1,"AIRSPACE_1":"B","REGION":"Western"}},{"type":"Feature","id":43898,"geometry":{"type":"Polygon","coordinates":[[[-112.125013571519,33.458338674144],[-112.125013571519,33.4666720094393],[-112.116680237224,33.4666720094393],[-112.116680237224,33.458338674144],[-112.125013571519,33.458338674144]]]},"properties":{"OBJECTID":43898,"CEILING":200,"UNIT":"Feet","MAP_EFF":"8/6/2026","LAST_EDIT":"5/8/2017","LATITUDE":33.46250534,"LONGITUDE":-112.1208469,"APT1_FAAID":"PHX","APT1_ICAO":"KPHX","APT1_NAME":"Phoenix Sky Harbor Intl","APT1_LAANC":1,"AIRSPACE_1":"B","REGION":"Western"}},{"type":"Feature","id":43211,"geometry":{"type":"Polygon","coordinates":[[[-112.050013556861,33.4083386643719],[-112.050013556861,33.4166719986673],[-112.041680221566,33.4166719986673],[-112.041680221566,33.4083386643719],[-112.050013556861,33.4083386643719]]]},"properties":{"OBJECTID":43211,"CEILING":100,"UNIT":"Feet","MAP_EFF":"8/6/2026","LAST_EDIT":"5/8/2017","LATITUDE":33.41250533,"LONGITUDE":-112.04584688999999,"APT1_FAAID":"PHX","APT1_ICAO":"KPHX","APT1_NAME":"Phoenix Sky Harbor Intl","APT1_LAANC":1,"AIRSPACE_1":"B","REGION":"Western"}},{"type":"Feature","id":126451,"geometry":{"type":"Polygon","coordinates":[[[-112.175013582292,33.4333386692579],[-112.175013582292,33.4416720035533],[-112.166680246996,33.4416720035533],[-112.166680246996,33.4333386692579],[-112.175013582292,33.4333386692579]]]},"properties":{"OBJECTID":126451,"CEILING":400,"UNIT":"Feet","MAP_EFF":"8/6/2026","LAST_EDIT":"8/17/2026","LATITUDE":33.43750534,"LONGITUDE":-112.17084691,"APT1_FAAID":"PHX","APT1_ICAO":"KPHX","APT1_NAME":"Phoenix Sky Harbor Intl","APT1_LAANC":1,"AIRSPACE_1":"B","REGION":"Western"}},{"type":"Feature","id":43804,"geometry":{"type":"Polygon","coordinates":[[[-112.01668021668,33.4500053388486],[-112.01668021668,33.458338674144],[-112.008346882385,33.458338674144],[-112.008346882385,33.4500053388486],[-112.01668021668,33.4500053388486]]]},"properties":{"OBJECTID":43804,"CEILING":100,"UNIT":"Feet","MAP_EFF":"8/6/2026","LAST_EDIT":"5/8/2017","LATITUDE":33.454172009999994,"LONGITUDE":-112.01251355000001,"APT1_FAAID":"PHX","APT1_ICAO":"KPHX","APT1_NAME":"Phoenix Sky Harbor Intl","APT1_LAANC":1,"AIRSPACE_1":"B","REGION":"Western"}},{"type":"Feature","id":44207,"geometry":{"type":"Polygon","coordinates":[[[-112.150013577406,33.48333867903],[-112.150013577406,33.4916720143253],[-112.14168024211,33.4916720143253],[-112.14168024211,33.48333867903],[-112.150013577406,33.48333867903]]]},"properties":{"OBJECTID":44207,"CEILING":300,"UNIT":"Feet","MAP_EFF":"8/6/2026","LAST_EDIT":"10/27/2017","LATITUDE":33.48750535,"LONGITUDE":-112.14584690999999,"APT1_FAAID":"PHX","APT1_ICAO":"KPHX","APT1_NAME":"Phoenix Sky Harbor Intl","APT1_LAANC":1,"AIRSPACE_1":"B","REGION":"Western"}},{"type":"Feature","id":336089,"geometry":{"type":"Polygon","coordinates":[[[-112.14168024211,33.4500053388486],[-112.14168024211,33.458338674144],[-112.133346906815,33.458338674144],[-112.133346906815,33.4500053388486],[-112.14168024211,33.4500053388486]]]},"properties":{"OBJECTID":336089,"CEILING":200,"UNIT":"Feet","MAP_EFF":"8/6/2026","LAST_EDIT":"5/8/2017","LATITUDE":33.454172009999994,"LONGITUDE":-112.13751357,"APT1_FAAID":"PHX","APT1_ICAO":"KPHX","APT1_NAME":"Phoenix Sky Harbor Intl","APT1_LAANC":1,"AIRSPACE_1":"B","REGION":"Western"}},{"type":"Feature","id":42756,"geometry":{"type":"Polygon","coordinates":[[[-112.150013577406,33.3666719888952],[-112.150013577406,33.3750053241905],[-112.14168024211,33.3750053241905],[-112.14168024211,33.3666719888952],[-112.150013577406,33.3666719888952]]]},"properties":{"OBJECTID":42756,"CEILING":400,"UNIT":"Feet","MAP_EFF":"8/6/2026","LAST_EDIT":"5/8/2017","LATITUDE":33.370838660000004,"LONGITUDE":-112.14584690999999,"APT1_FAAID":"PHX","APT1_ICAO":"KPHX","APT1_NAME":"Phoenix Sky Harbor Intl","APT1_LAANC":1,"AIRSPACE_1":"B","REGION":"Western"}},{"type":"Feature","id":43681,"geometry":{"type":"Polygon","coordinates":[[[-112.058346892157,33.4416720035533],[-112.058346892157,33.4500053388486],[-112.050013556861,33.4500053388486],[-112.050013556861,33.4416720035533],[-112.058346892157,33.4416720035533]]]},"properties":{"OBJECTID":43681,"CEILING":0,"UNIT":"Feet","MAP_EFF":"8/6/2026","LAST_EDIT":"5/8/2017","LATITUDE":33.44583867,"LONGITUDE":-112.05418022,"APT1_FAAID":"PHX","APT1_ICAO":"KPHX","APT1_NAME":"Phoenix Sky Harbor Intl","APT1_LAANC":1,"AIRSPACE_1":"B","REGION":"Western"}},{"type":"Feature","id":43781,"geometry":{"type":"Polygon","coordinates":[[[-112.166680246996,33.4500053388486],[-112.166680246996,33.458338674144],[-112.158346911701,33.458338674144],[-112.158346911701,33.4500053388486],[-112.166680246996,33.4500053388486]]]},"properties":{"OBJECTID":43781,"CEILING":400,"UNIT":"Feet","MAP_EFF":"8/6/2026","LAST_EDIT":"8/17/2026","LATITUDE":33.454172009999994,"LONGITUDE":-112.16251358,"APT1_FAAID":"PHX","APT1_ICAO":"KPHX","APT1_NAME":"Phoenix Sky Harbor Intl","APT1_LAANC":1,"AIRSPACE_1":"B","REGION":"Western"}},{"type":"Feature","id":44107,"geometry":{"type":"Polygon","coordinates":[[[-112.125013571519,33.4750053437347],[-112.125013571519,33.48333867903],[-112.116680237224,33.48333867903],[-112.116680237224,33.4750053437347],[-112.125013571519,33.4750053437347]]]},"properties":{"OBJECTID":44107,"CEILING":300,"UNIT":"Feet","MAP_EFF":"8/6/2026","LAST_EDIT":"10/27/2017","LATITUDE":33.47917201,"LONGITUDE":-112.1208469,"APT1_FAAID":"PHX","APT1_ICAO":"KPHX","APT1_NAME":"Phoenix Sky Harbor Intl","APT1_LAANC":1,"AIRSPACE_1":"B","REGION":"Western"}},{"type":"Feature","id":43117,"geometry":{"type":"Polygon","coordinates":[[[-111.925013532431,33.4000053290765],[-111.925013532431,33.4083386643719],[-111.916680197136,33.4083386643719],[-111.916680197136,33.4000053290765],[-111.925013532431,33.4000053290765]]]},"properties":{"OBJECTID":43117,"CEILING":100,"UNIT":"Feet","MAP_EFF":"8/6/2026","LAST_EDIT":"10/27/2017","LATITUDE":33.404172,"LONGITUDE":-111.92084686,"APT1_FAAID":"PHX","APT1_ICAO":"KPHX","APT1_NAME":"Phoenix Sky Harbor Intl","APT1_LAANC":1,"AIRSPACE_1":"B","REGION":"Western"}},{"type":"Feature","id":335974,"geometry":{"type":"Polygon","coordinates":[[[-111.933346866726,33.4000053290765],[-111.933346866726,33.4083386643719],[-111.925013532431,33.4083386643719],[-111.925013532431,33.4000053290765],[-111.933346866726,33.4000053290765]]]},"properties":{"OBJECTID":335974,"CEILING":100,"UNIT":"Feet","MAP_EFF":"8/6/2026","LAST_EDIT":"10/27/2017","LATITUDE":33.404172,"LONGITUDE":-111.9291802,"APT1_FAAID":"PHX","APT1_ICAO":"KPHX","APT1_NAME":"Phoenix Sky Harbor Intl","APT1_LAANC":1,"AIRSPACE_1":"B","REGION":"Western"}},{"type":"Feature","id":336143,"geometry":{"type":"Polygon","coordinates":[[[-111.950013537317,33.4750053437347],[-111.950013537317,33.48333867903],[-111.941680202022,33.48333867903],[-111.941680202022,33.4750053437347],[-111.950013537317,33.4750053437347]]]},"properties":{"OBJECTID":336143,"CEILING":200,"UNIT":"Feet","MAP_EFF":"8/6/2026","LAST_EDIT":"5/8/2017","LATITUDE":33.47917201,"LONGITUDE":-111.94584687000001,"APT1_FAAID":"PHX","APT1_ICAO":"KPHX","APT1_NAME":"Phoenix Sky Harbor Intl","APT1_LAANC":1,"AIRSPACE_1":"B","REGION":"Western"}},{"type":"Feature","id":42919,"geometry":{"type":"Polygon","coordinates":[[[-112.075013561747,33.3833386594858],[-112.075013561747,33.3916719937812],[-112.066680227452,33.3916719937812],[-112.066680227452,33.3833386594858],[-112.075013561747,33.3833386594858]]]},"properties":{"OBJECTID":42919,"CEILING":100,"UNIT":"Feet","MAP_EFF":"8/6/2026","LAST_EDIT":"5/8/2017","LATITUDE":33.38750533,"LONGITUDE":-112.07084689,"APT1_FAAID":"PHX","APT1_ICAO":"KPHX","APT1_NAME":"Phoenix Sky Harbor Intl","APT1_LAANC":1,"AIRSPACE_1":"B","REGION":"Western"}},{"type":"Feature","id":43689,"geometry":{"type":"Polygon","coordinates":[[[-112.033346887271,33.4416720035533],[-112.033346887271,33.4500053388486],[-112.025013551975,33.4500053388486],[-112.025013551975,33.4416720035533],[-112.033346887271,33.4416720035533]]]},"properties":{"OBJECTID":43689,"CEILING":0,"UNIT":"Feet","MAP_EFF":"8/6/2026","LAST_EDIT":"5/8/2017","LATITUDE":33.44583867,"LONGITUDE":-112.02918022,"APT1_FAAID":"PHX","APT1_ICAO":"KPHX","APT1_NAME":"Phoenix Sky Harbor Intl","APT1_LAANC":1,"AIRSPACE_1":"B","REGION":"Western"}},{"type":"Feature","id":43904,"geometry":{"type":"Polygon","coordinates":[[[-112.066680227452,33.458338674144],[-112.066680227452,33.4666720094393],[-112.058346892157,33.4666720094393],[-112.058346892157,33.458338674144],[-112.066680227452,33.458338674144]]]},"properties":{"OBJECTID":43904,"CEILING":100,"UNIT":"Feet","MAP_EFF":"8/6/2026","LAST_EDIT":"5/8/2017","LATITUDE":33.46250534,"LONGITUDE":-112.06251356,"APT1_FAAID":"PHX","APT1_ICAO":"KPHX","APT1_NAME":"Phoenix Sky Harbor Intl","APT1_LAANC":1,"AIRSPACE_1":"B","REGION":"Western"}},{"type":"Feature","id":45564,"geometry":{"type":"Polygon","coordinates":[[[-111.900013526545,33.5833386985742],[-111.900013526545,33.5916720338695],[-111.89168019225,33.5916720338695],[-111.89168019225,33.5833386985742],[-111.900013526545,33.5833386985742]]]},"properties":{"OBJECTID":45564,"CEILING":100,"UNIT":"Feet","MAP_EFF":"8/6/2026","LAST_EDIT":"5/8/2017","LATITUDE":33.587505369999995,"LONGITUDE":-111.89584685999999,"APT1_FAAID":"SDL","APT1_ICAO":"KSDL","APT1_NAME":"Scottsdale","APT1_LAANC":1,"AIRSPACE_1":"D","REGION":"Western"}},{"type":"Feature","id":42762,"geometry":{"type":"Polygon","coordinates":[[[-112.100013566633,33.3666719888952],[-112.100013566633,33.3750053241905],[-112.091680232338,33.3750053241905],[-112.091680232338,33.3666719888952],[-112.100013566633,33.3666719888952]]]},"properties":{"OBJECTID":42762,"CEILING":400,"UNIT":"Feet","MAP_EFF":"8/6/2026","LAST_EDIT":"5/8/2017","LATITUDE":33.370838660000004,"LONGITUDE":-112.0958469,"APT1_FAAID":"PHX","APT1_ICAO":"KPHX","APT1_NAME":"Phoenix Sky Harbor Intl","APT1_LAANC":1,"AIRSPACE_1":"B","REGION":"Western"}},{"type":"Feature","id":43011,"geometry":{"type":"Polygon","coordinates":[[[-112.108346901929,33.3916719937812],[-112.108346901929,33.4000053290765],[-112.100013566633,33.4000053290765],[-112.100013566633,33.3916719937812],[-112.108346901929,33.3916719937812]]]},"properties":{"OBJECTID":43011,"CEILING":100,"UNIT":"Feet","MAP_EFF":"8/6/2026","LAST_EDIT":"5/8/2017","LATITUDE":33.39583866,"LONGITUDE":-112.10418023,"APT1_FAAID":"PHX","APT1_ICAO":"KPHX","APT1_NAME":"Phoenix Sky Harbor Intl","APT1_LAANC":1,"AIRSPACE_1":"B","REGION":"Western"}},{"type":"Feature","id":44339,"geometry":{"type":"Polygon","coordinates":[[[-112.133346906815,33.4916720143253],[-112.133346906815,33.5000053486207],[-112.125013571519,33.5000053486207],[-112.125013571519,33.4916720143253],[-112.133346906815,33.4916720143253]]]},"properties":{"OBJECTID":44339,"CEILING":300,"UNIT":"Feet","MAP_EFF":"8/6/2026","LAST_EDIT":"10/27/2017","LATITUDE":33.495838680000006,"LONGITUDE":-112.12918024,"APT1_FAAID":"PHX","APT1_ICAO":"KPHX","APT1_NAME":"Phoenix Sky Harbor Intl","APT1_LAANC":1,"AIRSPACE_1":"B","REGION":"Western"}},{"type":"Feature","id":336183,"geometry":{"type":"Polygon","coordinates":[[[-111.925013532431,33.4916720143253],[-111.925013532431,33.5000053486207],[-111.916680197136,33.5000053486207],[-111.916680197136,33.4916720143253],[-111.925013532431,33.4916720143253]]]},"properties":{"OBJECTID":336183,"CEILING":300,"UNIT":"Feet","MAP_EFF":"8/6/2026","LAST_EDIT":"10/27/2017","LATITUDE":33.495838680000006,"LONGITUDE":-111.92084686,"APT1_FAAID":"PHX","APT1_ICAO":"KPHX","APT1_NAME":"Phoenix Sky Harbor Intl","APT1_LAANC":1,"AIRSPACE_1":"B","REGION":"Western"}},{"type":"Feature","id":43105,"geometry":{"type":"Polygon","coordinates":[[[-112.100013566633,33.4000053290765],[-112.100013566633,33.4083386643719],[-112.091680232338,33.4083386643719],[-112.091680232338,33.4000053290765],[-112.100013566633,33.4000053290765]]]},"properties":{"OBJECTID":43105,"CEILING":100,"UNIT":"Feet","MAP_EFF":"8/6/2026","LAST_EDIT":"5/8/2017","LATITUDE":33.404172,"LONGITUDE":-112.0958469,"APT1_FAAID":"PHX","APT1_ICAO":"KPHX","APT1_NAME":"Phoenix Sky Harbor Intl","APT1_LAANC":1,"AIRSPACE_1":"B","REGION":"Western"}},{"type":"Feature","id":43111,"geometry":{"type":"Polygon","coordinates":[[[-112.041680221566,33.4000053290765],[-112.041680221566,33.4083386643719],[-112.033346887271,33.4083386643719],[-112.033346887271,33.4000053290765],[-112.041680221566,33.4000053290765]]]},"properties":{"OBJECTID":43111,"CEILING":100,"UNIT":"Feet","MAP_EFF":"8/6/2026","LAST_EDIT":"5/8/2017","LATITUDE":33.404172,"LONGITUDE":-112.03751355,"APT1_FAAID":"PHX","APT1_ICAO":"KPHX","APT1_NAME":"Phoenix Sky Harbor Intl","APT1_LAANC":1,"AIRSPACE_1":"B","REGION":"Western"}},{"type":"Feature","id":43449,"geometry":{"type":"Polygon","coordinates":[[[-112.033346887271,33.4250053339626],[-112.033346887271,33.4333386692579],[-112.025013551975,33.4333386692579],[-112.025013551975,33.4250053339626],[-112.033346887271,33.4250053339626]]]},"properties":{"OBJECTID":43449,"CEILING":0,"UNIT":"Feet","MAP_EFF":"8/6/2026","LAST_EDIT":"5/8/2017","LATITUDE":33.429172,"LONGITUDE":-112.02918022,"APT1_FAAID":"PHX","APT1_ICAO":"KPHX","APT1_NAME":"Phoenix Sky Harbor Intl","APT1_LAANC":0,"AIRSPACE_1":"B","REGION":"Western"}},{"type":"Feature","id":43303,"geometry":{"type":"Polygon","coordinates":[[[-112.166680246996,33.4166719986673],[-112.166680246996,33.4250053339626],[-112.158346911701,33.4250053339626],[-112.158346911701,33.4166719986673],[-112.166680246996,33.4166719986673]]]},"properties":{"OBJECTID":43303,"CEILING":400,"UNIT":"Feet","MAP_EFF":"8/6/2026","LAST_EDIT":"8/17/2026","LATITUDE":33.42083867,"LONGITUDE":-112.16251358,"APT1_FAAID":"PHX","APT1_ICAO":"KPHX","APT1_NAME":"Phoenix Sky Harbor Intl","APT1_LAANC":1,"AIRSPACE_1":"B","REGION":"Western"}},{"type":"Feature","id":43798,"geometry":{"type":"Polygon","coordinates":[[[-112.066680227452,33.4500053388486],[-112.066680227452,33.458338674144],[-112.058346892157,33.458338674144],[-112.058346892157,33.4500053388486],[-112.066680227452,33.4500053388486]]]},"properties":{"OBJECTID":43798,"CEILING":100,"UNIT":"Feet","MAP_EFF":"8/6/2026","LAST_EDIT":"5/8/2017","LATITUDE":33.454172009999994,"LONGITUDE":-112.06251356,"APT1_FAAID":"PHX","APT1_ICAO":"KPHX","APT1_NAME":"Phoenix Sky Harbor Intl","APT1_LAANC":1,"AIRSPACE_1":"B","REGION":"Western"}},{"type":"Feature","id":43698,"geometry":{"type":"Polygon","coordinates":[[[-111.950013537317,33.4416720035533],[-111.950013537317,33.4500053388486],[-111.941680202022,33.4500053388486],[-111.941680202022,33.4416720035533],[-111.950013537317,33.4416720035533]]]},"properties":{"OBJECTID":43698,"CEILING":100,"UNIT":"Feet","MAP_EFF":"8/6/2026","LAST_EDIT":"5/8/2017","LATITUDE":33.44583867,"LONGITUDE":-111.94584687000001,"APT1_FAAID":"PHX","APT1_ICAO":"KPHX","APT1_NAME":"Phoenix Sky Harbor Intl","APT1_LAANC":1,"AIRSPACE_1":"B","REGION":"Western"}},{"type":"Feature","id":43008,"geometry":{"type":"Polygon","coordinates":[[[-112.133346906815,33.3916719937812],[-112.133346906815,33.4000053290765],[-112.125013571519,33.4000053290765],[-112.125013571519,33.3916719937812],[-112.133346906815,33.3916719937812]]]},"properties":{"OBJECTID":43008,"CEILING":200,"UNIT":"Feet","MAP_EFF":"8/6/2026","LAST_EDIT":"5/8/2017","LATITUDE":33.39583866,"LONGITUDE":-112.12918024,"APT1_FAAID":"PHX","APT1_ICAO":"KPHX","APT1_NAME":"Phoenix Sky Harbor Intl","APT1_LAANC":1,"AIRSPACE_1":"B","REGION":"Western"}},{"type":"Feature","id":43672,"geometry":{"type":"Polygon","coordinates":[[[-112.14168024211,33.4416720035533],[-112.14168024211,33.4500053388486],[-112.133346906815,33.4500053388486],[-112.133346906815,33.4416720035533],[-112.14168024211,33.4416720035533]]]},"properties":{"OBJECTID":43672,"CEILING":200,"UNIT":"Feet","MAP_EFF":"8/6/2026","LAST_EDIT":"5/8/2017","LATITUDE":33.44583867,"LONGITUDE":-112.13751357,"APT1_FAAID":"PHX","APT1_ICAO":"KPHX","APT1_NAME":"Phoenix Sky Harbor Intl","APT1_LAANC":1,"AIRSPACE_1":"B","REGION":"Western"}},{"type":"Feature","id":43223,"geometry":{"type":"Polygon","coordinates":[[[-111.941680202022,33.4083386643719],[-111.941680202022,33.4166719986673],[-111.933346866726,33.4166719986673],[-111.933346866726,33.4083386643719],[-111.941680202022,33.4083386643719]]]},"properties":{"OBJECTID":43223,"CEILING":100,"UNIT":"Feet","MAP_EFF":"8/6/2026","LAST_EDIT":"10/27/2017","LATITUDE":33.41250533,"LONGITUDE":-111.93751353,"APT1_FAAID":"PHX","APT1_ICAO":"KPHX","APT1_NAME":"Phoenix Sky Harbor Intl","APT1_LAANC":1,"AIRSPACE_1":"B","REGION":"Western"}},{"type":"Feature","id":43792,"geometry":{"type":"Polygon","coordinates":[[[-112.125013571519,33.4500053388486],[-112.125013571519,33.458338674144],[-112.116680237224,33.458338674144],[-112.116680237224,33.4500053388486],[-112.125013571519,33.4500053388486]]]},"properties":{"OBJECTID":43792,"CEILING":200,"UNIT":"Feet","MAP_EFF":"8/6/2026","LAST_EDIT":"5/8/2017","LATITUDE":33.454172009999994,"LONGITUDE":-112.1208469,"APT1_FAAID":"PHX","APT1_ICAO":"KPHX","APT1_NAME":"Phoenix Sky Harbor Intl","APT1_LAANC":1,"AIRSPACE_1":"B","REGION":"Western"}},{"type":"Feature","id":43460,"geometry":{"type":"Polygon","coordinates":[[[-111.925013532431,33.4250053339626],[-111.925013532431,33.4333386692579],[-111.916680197136,33.4333386692579],[-111.916680197136,33.4250053339626],[-111.925013532431,33.4250053339626]]]},"properties":{"OBJECTID":43460,"CEILING":100,"UNIT":"Feet","MAP_EFF":"8/6/2026","LAST_EDIT":"10/27/2017","LATITUDE":33.429172,"LONGITUDE":-111.92084686,"APT1_FAAID":"PHX","APT1_ICAO":"KPHX","APT1_NAME":"Phoenix Sky Harbor Intl","APT1_LAANC":1,"AIRSPACE_1":"B","REGION":"Western"}},{"type":"Feature","id":43200,"geometry":{"type":"Polygon","coordinates":[[[-112.150013577406,33.4083386643719],[-112.150013577406,33.4166719986673],[-112.14168024211,33.4166719986673],[-112.14168024211,33.4083386643719],[-112.150013577406,33.4083386643719]]]},"properties":{"OBJECTID":43200,"CEILING":200,"UNIT":"Feet","MAP_EFF":"8/6/2026","LAST_EDIT":"5/8/2017","LATITUDE":33.41250533,"LONGITUDE":-112.14584690999999,"APT1_FAAID":"PHX","APT1_ICAO":"KPHX","APT1_NAME":"Phoenix Sky Harbor Intl","APT1_LAANC":1,"AIRSPACE_1":"B","REGION":"Western"}},{"type":"Feature","id":336126,"geometry":{"type":"Polygon","coordinates":[[[-112.14168024211,33.4666720094393],[-112.14168024211,33.4750053437347],[-112.133346906815,33.4750053437347],[-112.133346906815,33.4666720094393],[-112.14168024211,33.4666720094393]]]},"properties":{"OBJECTID":336126,"CEILING":300,"UNIT":"Feet","MAP_EFF":"8/6/2026","LAST_EDIT":"10/27/2017","LATITUDE":33.47083868,"LONGITUDE":-112.13751357,"APT1_FAAID":"PHX","APT1_ICAO":"KPHX","APT1_NAME":"Phoenix Sky Harbor Intl","APT1_LAANC":1,"AIRSPACE_1":"B","REGION":"Western"}},{"type":"Feature","id":43815,"geometry":{"type":"Polygon","coordinates":[[[-111.900013526545,33.4500053388486],[-111.900013526545,33.458338674144],[-111.89168019225,33.458338674144],[-111.89168019225,33.4500053388486],[-111.900013526545,33.4500053388486]]]},"properties":{"OBJECTID":43815,"CEILING":100,"UNIT":"Feet","MAP_EFF":"8/6/2026","LAST_EDIT":"10/27/2017","LATITUDE":33.454172009999994,"LONGITUDE":-111.89584685999999,"APT1_FAAID":"PHX","APT1_ICAO":"KPHX","APT1_NAME":"Phoenix Sky Harbor Intl","APT1_LAANC":1,"AIRSPACE_1":"B","REGION":"Western"}},{"type":"Feature","id":43337,"geometry":{"type":"Polygon","coordinates":[[[-111.950013537317,33.4166719986673],[-111.950013537317,33.4250053339626],[-111.941680202022,33.4250053339626],[-111.941680202022,33.4166719986673],[-111.950013537317,33.4166719986673]]]},"properties":{"OBJECTID":43337,"CEILING":100,"UNIT":"Feet","MAP_EFF":"8/6/2026","LAST_EDIT":"5/8/2017","LATITUDE":33.42083867,"LONGITUDE":-111.94584687000001,"APT1_FAAID":"PHX","APT1_ICAO":"KPHX","APT1_NAME":"Phoenix Sky Harbor Intl","APT1_LAANC":1,"AIRSPACE_1":"B","REGION":"Western"}},{"type":"Feature","id":44007,"geometry":{"type":"Polygon","coordinates":[[[-112.116680237224,33.4666720094393],[-112.116680237224,33.4750053437347],[-112.108346901929,33.4750053437347],[-112.108346901929,33.4666720094393],[-112.116680237224,33.4666720094393]]]},"properties":{"OBJECTID":44007,"CEILING":300,"UNIT":"Feet","MAP_EFF":"8/6/2026","LAST_EDIT":"10/27/2017","LATITUDE":33.47083868,"LONGITUDE":-112.11251356999999,"APT1_FAAID":"PHX","APT1_ICAO":"KPHX","APT1_NAME":"Phoenix Sky Harbor Intl","APT1_LAANC":1,"AIRSPACE_1":"B","REGION":"Western"}},{"type":"Feature","id":43437,"geometry":{"type":"Polygon","coordinates":[[[-112.083346897043,33.4250053339626],[-112.083346897043,33.4333386692579],[-112.075013561747,33.4333386692579],[-112.075013561747,33.4250053339626],[-112.083346897043,33.4250053339626]]]},"properties":{"OBJECTID":43437,"CEILING":100,"UNIT":"Feet","MAP_EFF":"8/6/2026","LAST_EDIT":"5/8/2017","LATITUDE":33.429172,"LONGITUDE":-112.07918022999999,"APT1_FAAID":"PHX","APT1_ICAO":"KPHX","APT1_NAME":"Phoenix Sky Harbor Intl","APT1_LAANC":1,"AIRSPACE_1":"B","REGION":"Western"}},{"type":"Feature","id":43217,"geometry":{"type":"Polygon","coordinates":[[[-111.991680211794,33.4083386643719],[-111.991680211794,33.4166719986673],[-111.983346877499,33.4166719986673],[-111.983346877499,33.4083386643719],[-111.991680211794,33.4083386643719]]]},"properties":{"OBJECTID":43217,"CEILING":100,"UNIT":"Feet","MAP_EFF":"8/6/2026","LAST_EDIT":"5/8/2017","LATITUDE":33.41250533,"LONGITUDE":-111.98751354,"APT1_FAAID":"PHX","APT1_ICAO":"KPHX","APT1_NAME":"Phoenix Sky Harbor Intl","APT1_LAANC":1,"AIRSPACE_1":"B","REGION":"Western"}},{"type":"Feature","id":42627,"geometry":{"type":"Polygon","coordinates":[[[-111.925013532431,33.3500053193044],[-111.925013532431,33.3583386535998],[-111.916680197136,33.3583386535998],[-111.916680197136,33.3500053193044],[-111.925013532431,33.3500053193044]]]},"properties":{"OBJECTID":42627,"CEILING":400,"UNIT":"Feet","MAP_EFF":"8/6/2026","LAST_EDIT":"5/8/2017","LATITUDE":33.354171990000005,"LONGITUDE":-111.92084686,"APT1_FAAID":"PHX","APT1_ICAO":"KPHX","APT1_NAME":"Phoenix Sky Harbor Intl","APT1_LAANC":1,"AIRSPACE_1":"B","REGION":"Western"}},{"type":"Feature","id":43907,"geometry":{"type":"Polygon","coordinates":[[[-112.041680221566,33.458338674144],[-112.041680221566,33.4666720094393],[-112.033346887271,33.4666720094393],[-112.033346887271,33.458338674144],[-112.041680221566,33.458338674144]]]},"properties":{"OBJECTID":43907,"CEILING":100,"UNIT":"Feet","MAP_EFF":"8/6/2026","LAST_EDIT":"5/8/2017","LATITUDE":33.46250534,"LONGITUDE":-112.03751355,"APT1_FAAID":"PHX","APT1_ICAO":"KPHX","APT1_NAME":"Phoenix Sky Harbor Intl","APT1_LAANC":1,"AIRSPACE_1":"B","REGION":"Western"}},{"type":"Feature","id":336014,"geometry":{"type":"Polygon","coordinates":[[[-111.933346866726,33.4166719986673],[-111.933346866726,33.4250053339626],[-111.925013532431,33.4250053339626],[-111.925013532431,33.4166719986673],[-111.933346866726,33.4166719986673]]]},"properties":{"OBJECTID":336014,"CEILING":100,"UNIT":"Feet","MAP_EFF":"8/6/2026","LAST_EDIT":"10/27/2017","LATITUDE":33.42083867,"LONGITUDE":-111.9291802,"APT1_FAAID":"PHX","APT1_ICAO":"KPHX","APT1_NAME":"Phoenix Sky Harbor Intl","APT1_LAANC":1,"AIRSPACE_1":"B","REGION":"Western"}},{"type":"Feature","id":43429,"geometry":{"type":"Polygon","coordinates":[[[-112.158346911701,33.4250053339626],[-112.158346911701,33.4333386692579],[-112.150013577406,33.4333386692579],[-112.150013577406,33.4250053339626],[-112.158346911701,33.4250053339626]]]},"properties":{"OBJECTID":43429,"CEILING":200,"UNIT":"Feet","MAP_EFF":"8/6/2026","LAST_EDIT":"10/27/2017","LATITUDE":33.429172,"LONGITUDE":-112.15418024,"APT1_FAAID":"PHX","APT1_ICAO":"KPHX","APT1_NAME":"Phoenix Sky Harbor Intl","APT1_LAANC":1,"AIRSPACE_1":"B","REGION":"Western"}},{"type":"Feature","id":43678,"geometry":{"type":"Polygon","coordinates":[[[-112.083346897043,33.4416720035533],[-112.083346897043,33.4500053388486],[-112.075013561747,33.4500053388486],[-112.075013561747,33.4416720035533],[-112.083346897043,33.4416720035533]]]},"properties":{"OBJECTID":43678,"CEILING":100,"UNIT":"Feet","MAP_EFF":"8/6/2026","LAST_EDIT":"5/8/2017","LATITUDE":33.44583867,"LONGITUDE":-112.07918022999999,"APT1_FAAID":"PHX","APT1_ICAO":"KPHX","APT1_NAME":"Phoenix Sky Harbor Intl","APT1_LAANC":1,"AIRSPACE_1":"B","REGION":"Western"}},{"type":"Feature","id":43572,"geometry":{"type":"Polygon","coordinates":[[[-112.01668021668,33.4333386692579],[-112.01668021668,33.4416720035533],[-112.008346882385,33.4416720035533],[-112.008346882385,33.4333386692579],[-112.01668021668,33.4333386692579]]]},"properties":{"OBJECTID":43572,"CEILING":0,"UNIT":"Feet","MAP_EFF":"8/6/2026","LAST_EDIT":"5/8/2017","LATITUDE":33.43750534,"LONGITUDE":-112.01251355000001,"APT1_FAAID":"PHX","APT1_ICAO":"KPHX","APT1_NAME":"Phoenix Sky Harbor Intl","APT1_LAANC":0,"AIRSPACE_1":"B","REGION":"Western"}},{"type":"Feature","id":43025,"geometry":{"type":"Polygon","coordinates":[[[-111.900013526545,33.3916719937812],[-111.900013526545,33.4000053290765],[-111.89168019225,33.4000053290765],[-111.89168019225,33.3916719937812],[-111.900013526545,33.3916719937812]]]},"properties":{"OBJECTID":43025,"CEILING":100,"UNIT":"Feet","MAP_EFF":"8/6/2026","LAST_EDIT":"10/27/2017","LATITUDE":33.39583866,"LONGITUDE":-111.89584685999999,"APT1_FAAID":"PHX","APT1_ICAO":"KPHX","APT1_NAME":"Phoenix Sky Harbor Intl","APT1_LAANC":1,"AIRSPACE_1":"B","REGION":"Western"}},{"type":"Feature","id":44021,"geometry":{"type":"Polygon","coordinates":[[[-111.90834686184,33.4666720094393],[-111.90834686184,33.4750053437347],[-111.900013526545,33.4750053437347],[-111.900013526545,33.4666720094393],[-111.90834686184,33.4666720094393]]]},"properties":{"OBJECTID":44021,"CEILING":300,"UNIT":"Feet","MAP_EFF":"8/6/2026","LAST_EDIT":"10/27/2017","LATITUDE":33.47083868,"LONGITUDE":-111.90418019,"APT1_FAAID":"PHX","APT1_ICAO":"KPHX","APT1_NAME":"Phoenix Sky Harbor Intl","APT1_LAANC":1,"AIRSPACE_1":"B","REGION":"Western"}},{"type":"Feature","id":43323,"geometry":{"type":"Polygon","coordinates":[[[-112.083346897043,33.4166719986673],[-112.083346897043,33.4250053339626],[-112.075013561747,33.4250053339626],[-112.075013561747,33.4166719986673],[-112.083346897043,33.4166719986673]]]},"properties":{"OBJECTID":43323,"CEILING":100,"UNIT":"Feet","MAP_EFF":"8/6/2026","LAST_EDIT":"5/8/2017","LATITUDE":33.42083867,"LONGITUDE":-112.07918022999999,"APT1_FAAID":"PHX","APT1_ICAO":"KPHX","APT1_NAME":"Phoenix Sky Harbor Intl","APT1_LAANC":1,"AIRSPACE_1":"B","REGION":"Western"}},{"type":"Feature","id":42696,"geometry":{"type":"Polygon","coordinates":[[[-111.933346866726,33.3583386535998],[-111.933346866726,33.3666719888952],[-111.925013532431,33.3666719888952],[-111.925013532431,33.3583386535998],[-111.933346866726,33.3583386535998]]]},"properties":{"OBJECTID":42696,"CEILING":400,"UNIT":"Feet","MAP_EFF":"8/6/2026","LAST_EDIT":"5/8/2017","LATITUDE":33.36250532,"LONGITUDE":-111.9291802,"APT1_FAAID":"PHX","APT1_ICAO":"KPHX","APT1_NAME":"Phoenix Sky Harbor Intl","APT1_LAANC":1,"AIRSPACE_1":"B","REGION":"Western"}},{"type":"Feature","id":336298,"geometry":{"type":"Polygon","coordinates":[[[-112.133346906815,33.5000053486207],[-112.133346906815,33.5083386839161],[-112.125013571519,33.5083386839161],[-112.125013571519,33.5000053486207],[-112.133346906815,33.5000053486207]]]},"properties":{"OBJECTID":336298,"CEILING":300,"UNIT":"Feet","MAP_EFF":"8/6/2026","LAST_EDIT":"10/27/2017","LATITUDE":33.50417202,"LONGITUDE":-112.12918024,"APT1_FAAID":"PHX","APT1_ICAO":"KPHX","APT1_NAME":"Phoenix Sky Harbor Intl","APT1_LAANC":1,"AIRSPACE_1":"B","REGION":"Western"}},{"type":"Feature","id":42839,"geometry":{"type":"Polygon","coordinates":[[[-111.933346866726,33.3750053241905],[-111.933346866726,33.3833386594858],[-111.925013532431,33.3833386594858],[-111.925013532431,33.3750053241905],[-111.933346866726,33.3750053241905]]]},"properties":{"OBJECTID":42839,"CEILING":400,"UNIT":"Feet","MAP_EFF":"8/6/2026","LAST_EDIT":"5/8/2017","LATITUDE":33.37917199,"LONGITUDE":-111.9291802,"APT1_FAAID":"PHX","APT1_ICAO":"KPHX","APT1_NAME":"Phoenix Sky Harbor Intl","APT1_LAANC":1,"AIRSPACE_1":"B","REGION":"Western"}},{"type":"Feature","id":44013,"geometry":{"type":"Polygon","coordinates":[[[-112.058346892157,33.4666720094393],[-112.058346892157,33.4750053437347],[-112.050013556861,33.4750053437347],[-112.050013556861,33.4666720094393],[-112.058346892157,33.4666720094393]]]},"properties":{"OBJECTID":44013,"CEILING":100,"UNIT":"Feet","MAP_EFF":"8/6/2026","LAST_EDIT":"5/8/2017","LATITUDE":33.47083868,"LONGITUDE":-112.05418022,"APT1_FAAID":"PHX","APT1_ICAO":"KPHX","APT1_NAME":"Phoenix Sky Harbor Intl","APT1_LAANC":1,"AIRSPACE_1":"B","REGION":"Western"}},{"type":"Feature","id":336112,"geometry":{"type":"Polygon","coordinates":[[[-111.916680197136,33.458338674144],[-111.916680197136,33.4666720094393],[-111.90834686184,33.4666720094393],[-111.90834686184,33.458338674144],[-111.916680197136,33.458338674144]]]},"properties":{"OBJECTID":336112,"CEILING":100,"UNIT":"Feet","MAP_EFF":"8/6/2026","LAST_EDIT":"10/27/2017","LATITUDE":33.46250534,"LONGITUDE":-111.91251353,"APT1_FAAID":"PHX","APT1_ICAO":"KPHX","APT1_NAME":"Phoenix Sky Harbor Intl","APT1_LAANC":1,"AIRSPACE_1":"B","REGION":"Western"}},{"type":"Feature","id":44113,"geometry":{"type":"Polygon","coordinates":[[[-112.066680227452,33.4750053437347],[-112.066680227452,33.48333867903],[-112.058346892157,33.48333867903],[-112.058346892157,33.4750053437347],[-112.066680227452,33.4750053437347]]]},"properties":{"OBJECTID":44113,"CEILING":100,"UNIT":"Feet","MAP_EFF":"8/6/2026","LAST_EDIT":"5/8/2017","LATITUDE":33.47917201,"LONGITUDE":-112.06251356,"APT1_FAAID":"PHX","APT1_ICAO":"KPHX","APT1_NAME":"Phoenix Sky Harbor Intl","APT1_LAANC":1,"AIRSPACE_1":"B","REGION":"Western"}},{"type":"Feature","id":335957,"geometry":{"type":"Polygon","coordinates":[[[-111.925013532431,33.3916719937812],[-111.925013532431,33.4000053290765],[-111.916680197136,33.4000053290765],[-111.916680197136,33.3916719937812],[-111.925013532431,33.3916719937812]]]},"properties":{"OBJECTID":335957,"CEILING":100,"UNIT":"Feet","MAP_EFF":"8/6/2026","LAST_EDIT":"10/27/2017","LATITUDE":33.39583866,"LONGITUDE":-111.92084686,"APT1_FAAID":"PHX","APT1_ICAO":"KPHX","APT1_NAME":"Phoenix Sky Harbor Intl","APT1_LAANC":1,"AIRSPACE_1":"B","REGION":"Western"}},{"type":"Feature","id":44213,"geometry":{"type":"Polygon","coordinates":[[[-112.091680232338,33.48333867903],[-112.091680232338,33.4916720143253],[-112.083346897043,33.4916720143253],[-112.083346897043,33.48333867903],[-112.091680232338,33.48333867903]]]},"properties":{"OBJECTID":44213,"CEILING":300,"UNIT":"Feet","MAP_EFF":"8/6/2026","LAST_EDIT":"10/27/2017","LATITUDE":33.48750535,"LONGITUDE":-112.08751356,"APT1_FAAID":"PHX","APT1_ICAO":"KPHX","APT1_NAME":"Phoenix Sky Harbor Intl","APT1_LAANC":1,"AIRSPACE_1":"B","REGION":"Western"}},{"type":"Feature","id":42690,"geometry":{"type":"Polygon","coordinates":[[[-112.150013577406,33.3583386535998],[-112.150013577406,33.3666719888952],[-112.14168024211,33.3666719888952],[-112.14168024211,33.3583386535998],[-112.150013577406,33.3583386535998]]]},"properties":{"OBJECTID":42690,"CEILING":400,"UNIT":"Feet","MAP_EFF":"8/6/2026","LAST_EDIT":"5/8/2017","LATITUDE":33.36250532,"LONGITUDE":-112.14584690999999,"APT1_FAAID":"PHX","APT1_ICAO":"KPHX","APT1_NAME":"Phoenix Sky Harbor Intl","APT1_LAANC":1,"AIRSPACE_1":"B","REGION":"Western"}},{"type":"Feature","id":45395,"geometry":{"type":"Polygon","coordinates":[[[-111.933346866726,33.5750053642788],[-111.933346866726,33.5833386985742],[-111.925013532431,33.5833386985742],[-111.925013532431,33.5750053642788],[-111.933346866726,33.5750053642788]]]},"properties":{"OBJECTID":45395,"CEILING":200,"UNIT":"Feet","MAP_EFF":"8/6/2026","LAST_EDIT":"5/8/2017","LATITUDE":33.579172029999995,"LONGITUDE":-111.9291802,"APT1_FAAID":"SDL","APT1_ICAO":"KSDL","APT1_NAME":"Scottsdale","APT1_LAANC":1,"AIRSPACE_1":"D","REGION":"Western"}}]}